EnemyWeaponType,ID,UAV_ID,TrueX,TrueY,MeasuredX,MeasuredY,MeasuredX_Normalized,MeasuredY_Normalized,Vx,Vy,Tx,Ty,Speed,Speed_Normalized,Heading,TurnGain,MaxTurnRate,TargetX,TargetY,TargetType,RiskLevel,Damage_Potential,Time
Kalibr,1,1,4393.19,9830.68,4184.77,9802.44,0.392629,0.919697,-855.306,-61.2973,-0.997442,-0.0714838,857.5,0.453429,-3.07005,1.2,0.45,2500,4000,0,1,0.75,0
Kalibr,2,1,5061.43,9918.09,5042.15,9864.96,0.455115,0.890432,573.046,-637.906,0.668275,-0.743914,857.5,0.453429,-0.838909,1.2,0.45,2500,4000,0,1,0.75,0
Geran2,3,0,4267.69,9057.3,4263.75,9034.81,0.426786,0.904352,385.913,-157.107,0.92619,-0.377057,416.667,9.57307e-009,-0.386616,2.8,1.1,9000,5000,1,1,0.5,0
Kinzhal,4,2,3296.4,9148.81,3387.68,9018.01,0.351662,0.936127,441.991,-1169.25,0.353593,-0.9354,1250,0.857143,-1.20939,2.4,0.12,7500,2000,2,4,1,0
Kalibr,5,1,3952.94,8061.94,3966.19,8140.8,0.437984,0.898983,202.401,-833.271,0.236037,-0.971744,857.5,0.453429,-1.33251,1.2,0.45,9000,5000,1,2,0.75,0
Kinzhal,6,2,3079.01,9307.33,2905.33,9356.5,0.296547,0.955018,212.347,-1231.83,0.169878,-0.985465,1250,0.857143,-1.40009,2.4,0.12,2500,4000,0,2,1,0
Kalibr,1,1,4308.47,9820.74,4340.71,9875.44,0.402391,0.915468,-847.152,-99.3603,-0.993192,-0.116489,857.5,0.453429,-3.02484,1.2,0.45,2500,4000,0,1,0.75,0.1
Kalibr,2,1,5115.51,9852.13,5082.49,9685.21,0.464673,0.885482,540.752,-659.641,0.633972,-0.773356,857.5,0.453429,-0.884118,1.2,0.45,2500,4000,0,1,0.75,0.1
Geran2,3,0,4304.48,9038.29,4189.38,8970.75,0.423137,0.906066,367.86,-190.17,0.888318,-0.459228,416.667,9.57307e-009,-0.477126,2.8,1.1,9000,5000,1,1,0.5,0.1
Kinzhal,4,2,3341.72,9033.17,3522.75,9014.92,0.363967,0.931412,453.195,-1156.47,0.364862,-0.931061,1250,0.857143,-1.19731,2.4,0.12,7500,2000,2,4,1,0.1
Kalibr,5,1,3976.8,7980.05,3905.61,8096.53,0.434473,0.900685,238.583,-818.912,0.279712,-0.960084,857.5,0.453429,-1.2873,1.2,0.45,9000,5000,1,2,0.75,0.1
Kinzhal,6,2,3098.63,9184.68,3201.26,9306.18,0.325285,0.945616,196.208,-1226.5,0.157965,-0.987445,1250,0.857143,-1.41217,2.4,0.12,2500,4000,0,2,1,0.1
Kalibr,1,1,4224.7,9807.04,4260.86,9692.9,0.402421,0.915455,-837.674,-137.077,-0.986874,-0.161493,857.5,0.453429,-2.97939,1.2,0.45,2500,4000,0,1,0.75,0.2
Kalibr,2,1,5166.28,9784.11,5090.64,9783.73,0.461574,0.887102,507.746,-680.208,0.598181,-0.801361,857.5,0.453429,-0.929567,1.2,0.45,2500,4000,0,1,0.75,0.2
Geran2,3,0,4339.81,9016.98,4462.82,9084.33,0.440931,0.897541,353.318,-213.037,0.856372,-0.516359,416.667,9.57307e-009,-0.542594,2.8,1.1,9000,5000,1,1,0.5,0.2
Kinzhal,4,2,3388.17,8918.74,3487.91,8969.01,0.362443,0.932006,464.517,-1144.23,0.376149,-0.926559,1250,0.857143,-1.18516,2.4,0.12,7500,2000,2,4,1,0.2
Kalibr,5,1,4004.22,7899.72,4000.37,7903.53,0.451598,0.892221,274.204,-803.306,0.323043,-0.946384,857.5,0.453429,-1.24185,1.2,0.45,9000,5000,1,2,0.75,0.2
Kinzhal,6,2,3116.65,9062.51,3106.51,9063.18,0.324244,0.945974,180.243,-1221.7,0.145954,-0.989291,1250,0.857143,-1.42432,2.4,0.12,2500,4000,0,2,1,0.2
Kalibr,1,1,4142.02,9789.6,4135.87,9595.08,0.395834,0.918322,-826.843,-174.397,-0.978472,-0.206379,857.5,0.453429,-2.93372,1.2,0.45,2500,4000,0,1,0.75,0.3
Kalibr,2,1,5213.69,9714.15,5146.78,9685.64,0.469247,0.883067,474.041,-699.549,0.560972,-0.827835,857.5,0.453429,-0.975237,1.2,0.45,2500,4000,0,1,0.75,0.3
Geran2,3,0,4374.01,8994.09,4543.63,8918.06,0.453963,0.891021,342.014,-228.986,0.830953,-0.556342,416.667,9.57307e-009,-0.589977,2.8,1.1,9000,5000,1,1,0.5,0.3
Kinzhal,4,2,3435.77,8805.5,3638.1,8905.94,0.378166,0.925738,475.944,-1132.47,0.387446,-0.921893,1250,0.857143,-1.17294,2.4,0.12,7500,2000,2,4,1,0.3
Kalibr,5,1,4035.14,7821.08,4140.33,7902.08,0.464107,0.885779,309.209,-786.431,0.365912,-0.930649,857.5,0.453429,-1.19618,1.2,0.45,9000,5000,1,2,0.75,0.3
Kinzhal,6,2,3133.1,8940.77,3013.73,9178.58,0.311958,0.950096,164.427,-1217.36,0.133852,-0.991001,1250,0.857143,-1.43654,2.4,0.12,2500,4000,0,2,1,0.3
Kalibr,1,1,4060.56,9768.47,4168.26,9698.44,0.394862,0.91874,-814.636,-211.265,-0.967979,-0.251032,857.5,0.453429,-2.88785,1.2,0.45,2500,4000,0,1,0.75,0.4
Kalibr,2,1,5257.65,9642.39,5293.89,9648.67,0.48102,0.87671,439.66,-717.609,0.52242,-0.852688,857.5,0.453429,-1.02111,1.2,0.45,2500,4000,0,1,0.75,0.4
Geran2,3,0,4407.35,8970.07,4288.09,8932.09,0.432788,0.901496,333.405,-240.183,0.811382,-0.584516,416.667,9.57307e-009,-0.624283,2.8,1.1,9000,5000,1,1,0.5,0.4
Kinzhal,4,2,3484.52,8693.38,3362.67,8474.22,0.368834,0.929495,487.466,-1121.12,0.398743,-0.917063,1250,0.857143,-1.16065,2.4,0.12,7500,2000,2,4,1,0.4
Kalibr,5,1,4069.49,7744.25,4089.02,7723.46,0.467899,0.883782,343.539,-768.274,0.408205,-0.91289,857.5,0.453429,-1.15031,1.2,0.45,9000,5000,1,2,0.75,0.4
Kinzhal,6,2,3147.97,8819.43,3255.76,9008.11,0.339906,0.940459,148.738,-1213.42,0.121667,-0.992571,1250,0.857143,-1.44883,2.4,0.12,2500,4000,0,2,1,0.4
Kalibr,1,1,3980.45,9743.71,3863.86,9575.71,0.374192,0.927351,-801.036,-247.62,-0.955394,-0.295336,857.5,0.453429,-2.84179,1.2,0.45,2500,4000,0,1,0.75,0.5
Kalibr,2,1,5298.12,9568.96,5338.65,9520.84,0.48909,0.872233,404.633,-734.334,0.482604,-0.875839,857.5,0.453429,-1.06717,1.2,0.45,2500,4000,0,1,0.75,0.5
Geran2,3,0,4440.04,8945.26,4438.19,8851.95,0.4482,0.893933,326.93,-248.083,0.796612,-0.604491,416.667,9.57307e-009,-0.649126,2.8,1.1,9000,5000,1,1,0.5,0.5
Kinzhal,4,2,3534.42,8582.37,3548.94,8463.68,0.386695,0.922208,499.07,-1110.12,0.410034,-0.91207,1250,0.857143,-1.14831,2.4,0.12,7500,2000,2,4,1,0.5
Kalibr,5,1,4107.21,7669.37,4157.41,7740.26,0.47318,0.880966,377.133,-748.829,0.449805,-0.893127,857.5,0.453429,-1.10425,1.2,0.45,9000,5000,1,2,0.75,0.5
Kinzhal,6,2,3161.29,8698.44,3067.95,8728.14,0.331612,0.943416,133.16,-1209.84,0.109404,-0.993997,1250,0.857143,-1.46117,2.4,0.12,2500,4000,0,2,1,0.5
Kalibr,1,1,3901.85,9715.37,3931.53,9672.46,0.376549,0.926397,-786.033,-283.402,-0.940723,-0.339175,857.5,0.453429,-2.79555,1.2,0.45,2500,4000,0,1,0.75,0.6
Kalibr,2,1,5335.02,9493.99,5309.01,9630.66,0.482767,0.875749,368.993,-749.672,0.44161,-0.897207,857.5,0.453429,-1.1134,1.2,0.45,2500,4000,0,1,0.75,0.6
Geran2,3,0,4472.25,8919.89,4391.44,8852.71,0.444385,0.895836,322.094,-253.673,0.785607,-0.618725,416.667,9.57307e-009,-0.667119,2.8,1.1,9000,5000,1,1,0.5,0.6
Kinzhal,4,2,3585.5,8472.43,3454.6,8348.15,0.38237,0.924009,510.744,-1099.43,0.421311,-0.906916,1250,0.857143,-1.13591,2.4,0.12,7500,2000,2,4,1,0.6
Kalibr,5,1,4148.2,7596.56,4273.25,7594.47,0.49038,0.871509,409.928,-728.095,0.490602,-0.871384,857.5,0.453429,-1.05802,1.2,0.45,9000,5000,1,2,0.75,0.6
Kinzhal,6,2,3173.05,8577.79,3296.71,8528.37,0.360557,0.932737,117.676,-1206.55,0.0970707,-0.995277,1250,0.857143,-1.47357,2.4,0.12,2500,4000,0,2,1,0.6
Kalibr,1,1,3824.89,9683.51,3634.65,9632.57,0.353033,0.935611,-769.621,-318.546,-0.923982,-0.382436,857.5,0.453429,-2.74916,1.2,0.45,2500,4000,0,1,0.75,0.7
Kalibr,2,1,5368.29,9417.63,5367.97,9237.46,0.502436,0.864615,332.782,-763.573,0.399527,-0.916721,857.5,0.453429,-1.1598,1.2,0.45,2500,4000,0,1,0.75,0.7
Geran2,3,0,4504.1,8894.13,4468.4,8864.54,0.450123,0.892967,318.495,-257.635,0.777478,-0.628911,416.667,9.57307e-009,-0.680151,2.8,1.1,9000,5000,1,1,0.5,0.7
Kinzhal,4,2,3637.74,8363.53,3585.04,8166.59,0.401963,0.915656,522.478,-1089,0.432569,-0.901601,1250,0.857143,-1.12346,2.4,0.12,7500,2000,2,4,1,0.7
Kalibr,5,1,4192.38,7525.95,4232.72,7705.99,0.481432,0.876484,441.861,-706.078,0.530484,-0.847695,857.5,0.453429,-1.01162,1.2,0.45,9000,5000,1,2,0.75,0.7
Kinzhal,6,2,3183.28,8457.44,3212.09,8435.02,0.355875,0.934534,102.273,-1203.51,0.0846732,-0.996409,1250,0.857143,-1.48602,2.4,0.12,2500,4000,0,2,1,0.7
Kalibr,1,1,3749.71,9648.21,3924.25,9620.13,0.377704,0.925926,-751.802,-352.986,-0.905191,-0.425006,857.5,0.453429,-2.70262,1.2,0.45,2500,4000,0,1,0.75,0.8
Kalibr,2,1,5397.9,9340.03,5274.28,9209.7,0.496963,0.867772,296.047,-775.991,0.356449,-0.934315,857.5,0.453429,-1.20633,1.2,0.45,2500,4000,0,1,0.75,0.8
Geran2,3,0,4535.69,8868.08,4586.14,9007.87,0.453708,0.89115,315.821,-260.441,0.771506,-0.636222,416.667,9.57307e-009,-0.689591,2.8,1.1,9000,5000,1,1,0.5,0.8
Kinzhal,4,2,3691.17,8255.65,3671.42,8232.83,0.407285,0.913301,534.261,-1078.79,0.443799,-0.896126,1250,0.857143,-1.11096,2.4,0.12,7500,2000,2,4,1,0.8
Kalibr,5,1,4239.67,7457.67,4223.67,7410.23,0.495188,0.868786,472.866,-682.79,0.569345,-0.822099,857.5,0.453429,-0.965088,1.2,0.45,9000,5000,1,2,0.75,0.8
Kinzhal,6,2,3191.98,8337.37,3353.22,8339.67,0.373054,0.927809,86.9379,-1200.69,0.0722175,-0.997389,1250,0.857143,-1.49852,2.4,0.12,2500,4000,0,2,1,0.8
Kalibr,1,1,3676.45,9609.55,3751.75,9897.04,0.354464,0.93507,-732.583,-386.656,-0.884377,-0.466773,857.5,0.453429,-2.65595,1.2,0.45,2500,4000,0,1,0.75,0.9
Kalibr,2,1,5423.78,9261.35,5536.52,9239.12,0.514021,0.857778,258.839,-786.882,0.312471,-0.949927,857.5,0.453429,-1.253,1.2,0.45,2500,4000,0,1,0.75,0.9
Geran2,3,0,4567.07,8841.84,4379.44,8739.68,0.447999,0.894034,313.831,-262.427,0.767137,-0.641483,416.667,9.57307e-009,-0.69643,2.8,1.1,9000,5000,1,1,0.5,0.9
Kinzhal,4,2,3745.78,8148.78,3714.91,8110.62,0.416427,0.909169,546.083,-1068.76,0.454998,-0.890492,1250,0.857143,-1.09843,2.4,0.12,7500,2000,2,4,1,0.9
Kalibr,5,1,4289.96,7391.85,4284.81,7450.79,0.498524,0.866876,502.88,-658.249,0.607079,-0.794642,857.5,0.453429,-0.918417,1.2,0.45,9000,5000,1,2,0.75,0.9
Kinzhal,6,2,3199.14,8217.56,3149.69,8159.43,0.360119,0.932906,71.6623,-1198.05,0.0597092,-0.998216,1250,0.857143,-1.51105,2.4,0.12,2500,4000,0,2,1,0.9
Kalibr,1,1,3605.25,9567.6,3423.15,9426.2,0.341341,0.939939,-711.976,-419.488,-0.861575,-0.50763,857.5,0.453429,-2.60916,1.2,0.45,2500,4000,0,1,0.75,1
Kalibr,2,1,5445.9,9181.73,5333.5,9167.12,0.502886,0.864353,221.214,-796.206,0.267695,-0.963504,857.5,0.453429,-1.2998,1.2,0.45,2500,4000,0,1,0.75,1
Geran2,3,0,4598.3,8815.46,4804.94,8957.78,0.47269,0.881229,312.347,-263.826,0.76395,-0.645276,416.667,9.57307e-009,-0.701384,2.8,1.1,9000,5000,1,1,0.5,1
Kinzhal,4,2,3801.57,8042.89,3883.17,8092.15,0.432635,0.901569,557.935,-1058.88,0.466158,-0.884701,1250,0.857143,-1.08585,2.4,0.12,7500,2000,2,4,1,1
Kalibr,5,1,4343.14,7328.6,4500.69,7317.34,0.523905,0.851777,531.836,-632.479,0.643585,-0.765375,857.5,0.453429,-0.871624,1.2,0.45,9000,5000,1,2,0.75,1
Kinzhal,6,2,3204.79,8098.01,3228.53,8095.26,0.370443,0.928855,56.4372,-1195.55,0.0471536,-0.998888,1250,0.857143,-1.52363,2.4,0.12,2500,4000,0,2,1,1
Kalibr,1,1,3536.25,9522.46,3597.66,9547.77,0.352605,0.935772,-690,-451.413,-0.836825,-0.54747,857.5,0.453429,-2.56225,1.2,0.45,2500,4000,0,1,0.75,1.1
Kalibr,2,1,5464.23,9101.33,5564.68,9079.67,0.522543,0.852613,183.233,-803.928,0.222224,-0.974996,857.5,0.453429,-1.3467,1.2,0.45,2500,4000,0,1,0.75,1.1
Geran2,3,0,4629.43,8788.98,4690.26,8727.13,0.473398,0.880848,311.235,-264.807,0.761629,-0.648013,416.667,9.57307e-009,-0.704973,2.8,1.1,9000,5000,1,1,0.5,1.1
Kinzhal,4,2,3858.55,7937.98,3830.61,8014.15,0.43125,0.902232,569.806,-1049.12,0.477275,-0.878754,1250,0.857143,-1.07324,2.4,0.12,7500,2000,2,4,1,1.1
Kalibr,5,1,4399.11,7268.05,4459.57,7214.73,0.525784,0.850618,559.671,-605.51,0.678764,-0.734356,857.5,0.453429,-0.824718,1.2,0.45,9000,5000,1,2,0.75,1.1
Kinzhal,6,2,3208.91,7978.69,3404.53,7928.59,0.394562,0.918869,41.2556,-1193.16,0.0345561,-0.999403,1250,0.857143,-1.53623,2.4,0.12,2500,4000,0,2,1,1.1
Kalibr,1,1,3469.58,9474.22,3540.83,9365.13,0.353654,0.935376,-666.679,-482.365,-0.810174,-0.586189,857.5,0.453429,-2.51525,1.2,0.45,2500,4000,0,1,0.75,1.2
Kalibr,2,1,5478.72,9020.33,5418.28,9116.03,0.510931,0.859621,144.96,-810.014,0.176162,-0.984361,857.5,0.453429,-1.39371,1.2,0.45,2500,4000,0,1,0.75,1.2
Geran2,3,0,4660.47,8762.43,4720.32,8979.46,0.465306,0.88515,310.398,-265.489,0.759942,-0.649991,416.667,9.57307e-009,-0.707573,2.8,1.1,9000,5000,1,1,0.5,1.2
Kinzhal,4,2,3916.72,7834.03,3891.36,7886.49,0.442487,0.896775,581.687,-1039.45,0.488344,-0.872651,1250,0.857143,-1.06061,2.4,0.12,7500,2000,2,4,1,1.2
Kalibr,5,1,4457.59,7210.14,4511.55,7267.2,0.527437,0.849594,584.774,-579.091,0.710551,-0.703646,857.5,0.453429,-0.780516,1.2,0.45,9000,5000,1,2,0.75,1.2
Kinzhal,6,2,3211.52,7859.61,3218.33,7793.07,0.381705,0.924284,26.1117,-1190.86,0.0219216,-0.99976,1250,0.857143,-1.54887,2.4,0.12,2500,4000,0,2,1,1.2
Kalibr,1,1,3405.38,9422.99,3333.18,9400.78,0.33418,0.942509,-642.041,-512.275,-0.781675,-0.623687,857.5,0.453429,-2.46814,1.2,0.45,2500,4000,0,1,0.75,1.3
Kalibr,2,1,5489.37,8938.89,5363.5,8990.33,0.512338,0.858784,106.462,-814.437,0.129616,-0.991564,857.5,0.453429,-1.44081,1.2,0.45,2500,4000,0,1,0.75,1.3
Geran2,3,0,4691.44,8735.83,4648.08,8697.25,0.471342,0.881951,309.762,-265.957,0.758716,-0.651422,416.667,9.57307e-009,-0.709457,2.8,1.1,9000,5000,1,1,0.5,1.3
Kinzhal,4,2,3975.79,7730.87,3806.63,7660.92,0.444984,0.895539,590.636,-1031.58,0.496876,-0.867822,1250,0.857143,-1.0508,2.4,0.12,7500,2000,2,4,1,1.3
Kalibr,5,1,4518.21,7154.67,4335.16,7117.64,0.520182,0.854055,606.254,-554.701,0.737779,-0.675042,857.5,0.453429,-0.741022,1.2,0.45,9000,5000,1,2,0.75,1.3
Kinzhal,6,2,3212.62,7740.75,3180.74,7790.37,0.377999,0.925806,11.0008,-1188.61,0.00925478,-0.999957,1250,0.857143,-1.56154,2.4,0.12,2500,4000,0,2,1,1.3
Kalibr,1,1,3343.77,9368.89,3146.84,9300.25,0.320511,0.947245,-616.12,-541.077,-0.751383,-0.659866,857.5,0.453429,-2.42095,1.2,0.45,2500,4000,0,1,0.75,1.4
Kalibr,2,1,5496.15,8857.17,5410.62,8719.5,0.527258,0.849705,67.8102,-817.172,0.0826973,-0.996575,857.5,0.453429,-1.488,1.2,0.45,2500,4000,0,1,0.75,1.4
Geran2,3,0,4722.37,8709.21,4748.69,8588.23,0.483886,0.875131,309.276,-266.274,0.757826,-0.652457,416.667,9.57307e-009,-0.710822,2.8,1.1,9000,5000,1,1,0.5,1.4
Kinzhal,4,2,4035.52,7628.35,4144.62,7664.23,0.475676,0.879621,597.322,-1025.18,0.503429,-0.864036,1250,0.857143,-1.04323,2.4,0.12,7500,2000,2,4,1,1.4
Kalibr,5,1,4580.68,7101.44,4711.05,7161.04,0.549604,0.835426,624.675,-532.299,0.761142,-0.648585,857.5,0.453429,-0.705724,1.2,0.45,9000,5000,1,2,0.75,1.4
Kinzhal,6,2,3212.21,7622.11,3057.83,7620.34,0.372409,0.928069,-4.08099,-1186.4,-0.00343978,-0.999994,1250,0.857143,-1.57424,2.4,0.12,2500,4000,0,2,1,1.4
Kalibr,1,1,3284.87,9312.02,3117.91,9230.27,0.320027,0.947408,-588.955,-568.708,-0.719364,-0.694633,857.5,0.453429,-2.37368,1.2,0.45,2500,4000,0,1,0.75,1.5
Kalibr,2,1,5499.06,8775.35,5291.93,8840.91,0.513595,0.858033,29.0766,-818.2,0.0355148,-0.999369,857.5,0.453429,-1.53527,1.2,0.45,2500,4000,0,1,0.75,1.5
Geran2,3,0,4753.26,8682.56,4623.89,8624.3,0.472517,0.881321,308.9,-266.483,0.75718,-0.653206,416.667,9.57307e-009,-0.711811,2.8,1.1,9000,5000,1,1,0.5,1.5
Kinzhal,4,2,4095.75,7526.36,4206.34,7421.18,0.493102,0.869972,602.296,-1019.97,0.50847,-0.86108,1250,0.857143,-1.03739,2.4,0.12,7500,2000,2,4,1,1.5
Kalibr,5,1,4644.73,7050.26,4747.79,7025.34,0.559933,0.828538,640.513,-511.807,0.781227,-0.624247,857.5,0.453429,-0.674167,1.2,0.45,9000,5000,1,2,0.75,1.5
Kinzhal,6,2,3210.3,7503.68,3074.41,7281.44,0.388975,0.921248,-19.1367,-1184.21,-0.0161577,-0.99987,1250,0.857143,-1.58695,2.4,0.12,2500,4000,0,2,1,1.5
Kalibr,1,1,3228.81,9252.51,3176.47,9470.09,0.318009,0.948088,-560.59,-595.102,-0.685685,-0.727899,857.5,0.453429,-2.32634,1.2,0.45,2500,4000,0,1,0.75,1.6
Kalibr,2,1,5498.09,8693.6,5527.95,8563.83,0.542328,0.840167,-9.66338,-817.505,-0.0118197,-0.99993,857.5,0.453429,-1.58262,1.2,0.45,2500,4000,0,1,0.75,1.6
Geran2,3,0,4784.12,8655.9,4707.23,8793.21,0.471956,0.881622,308.606,-266.616,0.756711,-0.653749,416.667,9.57307e-009,-0.712528,2.8,1.1,9000,5000,1,1,0.5,1.6
Kinzhal,4,2,4156.34,7424.79,4064.61,7439.22,0.479475,0.877555,605.977,-1015.71,0.512351,-0.858776,1250,0.857143,-1.03288,2.4,0.12,7500,2000,2,4,1,1.6
Kalibr,5,1,4710.15,7000.95,4613.17,7072.94,0.5463,0.83759,654.162,-493.124,0.798531,-0.601954,857.5,0.453429,-0.645945,1.2,0.45,9000,5000,1,2,0.75,1.6
Kinzhal,6,2,3206.88,7385.48,3269.3,7426.51,0.402908,0.915241,-34.1684,-1182.02,-0.0288949,-0.999582,1250,0.857143,-1.5997,2.4,0.12,2500,4000,0,2,1,1.6
Kalibr,1,1,3175.71,9190.49,3193.63,9068.45,0.332173,0.943219,-531.072,-620.2,-0.650418,-0.759576,857.5,0.453429,-2.27893,1.2,0.45,2500,4000,0,1,0.75,1.7
Kalibr,2,1,5493.26,8612.09,5460.67,8692.88,0.531932,0.846787,-48.3326,-815.077,-0.0591943,-0.998246,857.5,0.453429,-1.63003,1.2,0.45,2500,4000,0,1,0.75,1.7
Geran2,3,0,4814.96,8629.23,4898.39,8743.54,0.488755,0.872421,308.374,-266.694,0.756372,-0.654142,416.667,9.57307e-009,-0.713048,2.8,1.1,9000,5000,1,1,0.5,1.7
Kinzhal,4,2,4217.21,7323.57,4078.93,7327.92,0.486359,0.873759,608.681,-1012.2,0.515343,-0.856984,1250,0.857143,-1.02939,2.4,0.12,7500,2000,2,4,1,1.7
Kalibr,5,1,4776.74,6953.33,4618.92,6987.24,0.551453,0.834206,665.954,-476.134,0.813472,-0.581604,857.5,0.453429,-0.620699,1.2,0.45,9000,5000,1,2,0.75,1.7
Kinzhal,6,2,3201.97,7267.5,3172.44,7370.07,0.395375,0.91852,-49.1779,-1179.8,-0.0416472,-0.999132,1250,0.857143,-1.61246,2.4,0.12,2500,4000,0,2,1,1.7
Kalibr,1,1,3125.66,9126.09,3128.28,9120.88,0.324428,0.94591,-500.454,-643.943,-0.613642,-0.789584,857.5,0.453429,-2.23146,1.2,0.45,2500,4000,0,1,0.75,1.8
Kalibr,2,1,5484.57,8531,5634.46,8465.75,0.554062,0.832475,-86.8528,-810.908,-0.106496,-0.994313,857.5,0.453429,-1.6775,1.2,0.45,2500,4000,0,1,0.75,1.8
Geran2,3,0,4845.78,8602.55,5060.51,8615.48,0.506468,0.862259,308.187,-266.736,0.756125,-0.654427,416.667,9.57307e-009,-0.713424,2.8,1.1,9000,5000,1,1,0.5,1.8
Kinzhal,4,2,4278.28,7222.64,4256.15,7164.11,0.510757,0.859725,610.647,-1009.3,0.517652,-0.855591,1250,0.857143,-1.02669,2.4,0.12,7500,2000,2,4,1,1.8
Kalibr,5,1,4844.36,6907.26,4928.34,7129.81,0.56861,0.822607,676.168,-460.715,0.826403,-0.563079,857.5,0.453429,-0.598107,1.2,0.45,9000,5000,1,2,0.75,1.8
Kinzhal,6,2,3195.55,7149.75,3260.96,7268.91,0.409315,0.912393,-64.1661,-1177.54,-0.0544108,-0.998519,1250,0.857143,-1.62523,2.4,0.12,2500,4000,0,2,1,1.8
Kalibr,1,1,3078.78,9059.46,3163.9,9136.59,0.327225,0.944947,-468.791,-666.273,-0.575438,-0.817845,857.5,0.453429,-2.18394,1.2,0.45,2500,4000,0,1,0.75,1.9
Kalibr,2,1,5472.06,8450.5,5389.19,8405.4,0.539745,0.841829,-125.144,-804.999,-0.153614,-0.988131,857.5,0.453429,-1.72502,1.2,0.45,2500,4000,0,1,0.75,1.9
Geran2,3,0,4876.58,8575.88,4842.85,8546.19,0.493014,0.870022,308.035,-266.752,0.755947,-0.654633,416.667,9.57307e-009,-0.713697,2.8,1.1,9000,5000,1,1,0.5,1.9
Kinzhal,4,2,4339.48,7121.95,4221.76,6981.66,0.517445,0.855716,612.057,-1006.88,0.519434,-0.854511,1250,0.857143,-1.02461,2.4,0.12,7500,2000,2,4,1,1.9
Kalibr,5,1,4912.86,6862.59,4907.3,6734.46,0.588918,0.808192,685.038,-446.746,0.837621,-0.546252,857.5,0.453429,-0.577884,1.2,0.45,9000,5000,1,2,0.75,1.9
Kinzhal,6,2,3187.64,7032.22,3147.34,7022.07,0.409003,0.912533,-79.1335,-1175.24,-0.067182,-0.997741,1250,0.857143,-1.63803,2.4,0.12,2500,4000,0,2,1,1.9
Kalibr,1,1,3035.17,8990.75,2932.22,8973.77,0.310594,0.950543,-436.144,-687.137,-0.535891,-0.844287,857.5,0.453429,-2.13636,1.2,0.45,2500,4000,0,1,0.75,2
Kalibr,2,1,5455.75,8370.77,5450.38,8165.63,0.555167,0.831739,-163.127,-797.351,-0.200434,-0.979707,857.5,0.453429,-1.7726,1.2,0.45,2500,4000,0,1,0.75,2
Geran2,3,0,4907.37,8549.2,4856.21,8648.27,0.489615,0.871939,307.91,-266.75,0.755817,-0.654783,416.667,9.57307e-009,-0.713895,2.8,1.1,9000,5000,1,1,0.5,2
Kinzhal,4,2,4400.79,7021.46,4465.08,7073.38,0.533795,0.845614,613.049,-1004.86,0.52081,-0.853672,1250,0.857143,-1.023,2.4,0.12,7500,2000,2,4,1,2
Kalibr,5,1,4982.14,6819.18,5168.56,6799.46,0.605155,0.796108,692.757,-434.107,0.847375,-0.530995,857.5,0.453429,-0.559775,1.2,0.45,9000,5000,1,2,0.75,2
Kinzhal,6,2,3178.23,6914.94,3138.66,7133.67,0.402721,0.915323,-94.0803,-1172.87,-0.0799572,-0.996798,1250,0.857143,-1.65084,2.4,0.12,2500,4000,0,2,1,2
Kalibr,1,1,2994.91,8920.1,2864,9051.44,0.301672,0.953412,-402.575,-706.485,-0.495091,-0.868841,857.5,0.453429,-2.08874,1.2,0.45,2500,4000,0,1,0.75,2.1
Kalibr,2,1,5435.7,8291.96,5524.37,8401.04,0.549434,0.835537,-200.504,-788.037,-0.246578,-0.969123,857.5,0.453429,-1.81994,1.2,0.45,2500,4000,0,1,0.75,2.1
Geran2,3,0,4938.15,8522.53,4952.75,8653.49,0.496736,0.867902,307.806,-266.737,0.755723,-0.654891,416.667,9.57307e-009,-0.714038,2.8,1.1,9000,5000,1,1,0.5,2.1
Kinzhal,4,2,4462.16,6921.14,4422.36,6735.94,0.548821,0.83594,613.729,-1003.16,0.521875,-0.853022,1250,0.857143,-1.02175,2.4,0.12,7500,2000,2,4,1,2.1
Kalibr,5,1,5052.09,6776.91,5111.77,6710.77,0.605954,0.7955,699.493,-422.683,0.855876,-0.517181,857.5,0.453429,-0.543554,1.2,0.45,9000,5000,1,2,0.75,2.1
Kinzhal,6,2,3167.33,6797.9,3150.87,6841.72,0.418309,0.908305,-109.006,-1170.42,-0.0927328,-0.995691,1250,0.857143,-1.66366,2.4,0.12,2500,4000,0,2,1,2.1
Kalibr,1,1,2958.09,8847.67,3030.1,8727.59,0.327982,0.944684,-368.153,-724.268,-0.45313,-0.891444,857.5,0.453429,-2.04107,1.2,0.45,2500,4000,0,1,0.75,2.2
Kalibr,2,1,5412.35,8214.12,5465.12,8238.96,0.552772,0.833333,-233.492,-778.405,-0.287315,-0.957836,857.5,0.453429,-1.86222,1.2,0.45,2500,4000,0,1,0.75,2.2
Geran2,3,0,4968.93,8495.86,4854.84,8552.27,0.493671,0.869649,307.718,-266.717,0.755655,-0.65497,416.667,9.57307e-009,-0.714142,2.8,1.1,9000,5000,1,1,0.5,2.2
Kinzhal,4,2,4523.58,6820.97,4521.89,6842.26,0.551352,0.834273,614.177,-1001.72,0.522698,-0.852518,1250,0.857143,-1.02078,2.4,0.12,7500,2000,2,4,1,2.2
Kalibr,5,1,5122.63,6735.67,4963.7,6907.74,0.58354,0.812084,705.383,-412.367,0.863303,-0.504687,857.5,0.453429,-0.529019,1.2,0.45,9000,5000,1,2,0.75,2.2
Kinzhal,6,2,3154.94,6681.11,3107.8,6717.26,0.419896,0.907572,-123.91,-1167.89,-0.105506,-0.994419,1250,0.857143,-1.6765,2.4,0.12,2500,4000,0,2,1,2.2
Kalibr,1,1,2924.62,8773.7,2957.01,8769.13,0.31953,0.947576,-334.743,-739.73,-0.412273,-0.91106,857.5,0.453429,-1.99574,1.2,0.45,2500,4000,0,1,0.75,2.3
Kalibr,2,1,5386.09,8137.25,5339,8121.98,0.5493,0.835625,-262.616,-768.764,-0.323267,-0.946308,857.5,0.453429,-1.89998,1.2,0.45,2500,4000,0,1,0.75,2.3
Geran2,3,0,4999.69,8469.19,5084.58,8607.72,0.508596,0.861005,307.642,-266.692,0.755606,-0.655026,416.667,9.57307e-009,-0.714218,2.8,1.1,9000,5000,1,1,0.5,2.3
Kinzhal,4,2,4585.02,6720.92,4419.6,6758.72,0.547287,0.836945,614.452,-1000.49,0.523335,-0.852127,1250,0.857143,-1.02004,2.4,0.12,7500,2000,2,4,1,2.3
Kalibr,5,1,5193.68,6695.37,5204.38,6764.54,0.609776,0.792574,710.546,-403.057,0.869805,-0.493396,857.5,0.453429,-0.51599,1.2,0.45,9000,5000,1,2,0.75,2.3
Kinzhal,6,2,3141.06,6564.58,2947.49,6511.78,0.412363,0.911019,-138.792,-1165.26,-0.118272,-0.992981,1250,0.857143,-1.68935,2.4,0.12,2500,4000,0,2,1,2.3
Kalibr,1,1,2894.18,8698.46,2936.78,8487.42,0.326994,0.945027,-304.384,-752.397,-0.375026,-0.927014,857.5,0.453429,-1.95522,1.2,0.45,2500,4000,0,1,0.75,2.4
Kalibr,2,1,5357.25,8061.31,5263.8,7910.23,0.553994,0.832521,-288.343,-759.332,-0.355,-0.934866,857.5,0.453429,-1.93371,1.2,0.45,2500,4000,0,1,0.75,2.4
Geran2,3,0,5030.45,8442.52,5123.77,8466.71,0.517742,0.855537,307.577,-266.664,0.75557,-0.655068,416.667,9.57307e-009,-0.714272,2.8,1.1,9000,5000,1,1,0.5,2.4
Kinzhal,4,2,4646.48,6620.98,4603.52,6581.24,0.573182,0.819428,614.601,-999.434,0.523828,-0.851824,1250,0.857143,-1.01946,2.4,0.12,7500,2000,2,4,1,2.4
Kalibr,5,1,5265.19,6655.9,5206.74,6754.86,0.610498,0.792018,715.08,-394.659,0.87551,-0.483201,857.5,0.453429,-0.504307,1.2,0.45,9000,5000,1,2,0.75,2.4
Kinzhal,6,2,3125.69,6448.33,3170.34,6503.1,0.438211,0.898872,-153.65,-1162.53,-0.13103,-0.991378,1250,0.857143,-1.7022,2.4,0.12,2500,4000,0,2,1,2.4
Kalibr,1,1,2866.49,8622.18,2698.25,8504.3,0.302424,0.953174,-276.871,-762.79,-0.341191,-0.939994,857.5,0.453429,-1.91898,1.2,0.45,2500,4000,0,1,0.75,2.5
Kalibr,2,1,5326.14,7986.29,5313.62,8011.83,0.552711,0.833373,-311.085,-750.256,-0.383018,-0.923741,857.5,0.453429,-1.96386,1.2,0.45,2500,4000,0,1,0.75,2.5
Geran2,3,0,5061.2,8415.86,5049.88,8529.68,0.509448,0.860502,307.52,-266.636,0.755544,-0.655098,416.667,9.57307e-009,-0.714312,2.8,1.1,9000,5000,1,1,0.5,2.5
Kinzhal,4,2,4707.95,6521.13,4587.67,6414.62,0.581725,0.813385,614.658,-998.523,0.52421,-0.851589,1250,0.857143,-1.01901,2.4,0.12,7500,2000,2,4,1,2.5
Kalibr,5,1,5337.1,6617.19,5148.51,6580.46,0.616203,0.787587,719.071,-387.086,0.880526,-0.473999,857.5,0.453429,-0.493827,1.2,0.45,9000,5000,1,2,0.75,2.5
Kinzhal,6,2,3108.84,6332.36,3024.95,6442.3,0.425023,0.905182,-168.483,-1159.68,-0.143775,-0.98961,1250,0.857143,-1.71507,2.4,0.12,2500,4000,0,2,1,2.5
Kalibr,1,1,2841.3,8545.05,2839.02,8509.5,0.316481,0.948599,-251.988,-771.334,-0.310539,-0.950561,857.5,0.453429,-1.88656,1.2,0.45,2500,4000,0,1,0.75,2.6
Kalibr,2,1,5293.02,7912.12,5256.32,7773.46,0.560148,0.828392,-331.204,-741.633,-0.407772,-0.913084,857.5,0.453429,-1.99081,1.2,0.45,2500,4000,0,1,0.75,2.6
Geran2,3,0,5091.95,8389.2,5130.28,8183.79,0.531146,0.84728,307.47,-266.608,0.755525,-0.655119,416.667,9.57307e-009,-0.714341,2.8,1.1,9000,5000,1,1,0.5,2.6
Kinzhal,4,2,4769.41,6421.35,4776.33,6343.39,0.601514,0.798863,614.65,-997.732,0.524506,-0.851406,1250,0.857143,-1.01866,2.4,0.12,7500,2000,2,4,1,2.6
Kalibr,5,1,5409.36,6579.17,5281.73,6487.64,0.63135,0.775498,722.59,-380.258,0.884945,-0.465696,857.5,0.453429,-0.484421,1.2,0.45,9000,5000,1,2,0.75,2.6
Kinzhal,6,2,3090.52,6216.69,3227.02,6230.52,0.45991,0.887965,-183.289,-1156.71,-0.156504,-0.987677,1250,0.857143,-1.72795,2.4,0.12,2500,4000,0,2,1,2.6
Kalibr,1,1,2818.34,8467.21,2677.34,8371.25,0.304625,0.952472,-229.517,-778.372,-0.282829,-0.95917,857.5,0.453429,-1.85754,1.2,0.45,2500,4000,0,1,0.75,2.7
Kalibr,2,1,5258.12,7838.77,5313.29,7744.55,0.565727,0.824593,-349.018,-733.517,-0.429657,-0.902992,857.5,0.453429,-2.01491,1.2,0.45,2500,4000,0,1,0.75,2.7
Geran2,3,0,5122.69,8362.54,5237.32,8537.36,0.522907,0.85239,307.425,-266.581,0.755512,-0.655135,416.667,9.57307e-009,-0.714361,2.8,1.1,9000,5000,1,1,0.5,2.7
Kinzhal,4,2,4830.87,6321.65,4837.83,6345.82,0.606275,0.795255,614.596,-997.042,0.524736,-0.851265,1250,0.857143,-1.01839,2.4,0.12,7500,2000,2,4,1,2.7
Kalibr,5,1,5481.93,6541.76,5452.45,6555.2,0.639477,0.76881,725.7,-374.104,0.888846,-0.458207,857.5,0.453429,-0.475977,1.2,0.45,9000,5000,1,2,0.75,2.7
Kinzhal,6,2,3070.71,6101.33,3377.25,6168.01,0.480263,0.877124,-198.067,-1153.62,-0.169215,-0.985579,1250,0.857143,-1.74083,2.4,0.12,2500,4000,0,2,1,2.7
Kalibr,1,1,2797.42,8388.79,2864.19,8312.22,0.325777,0.945446,-209.25,-784.184,-0.257817,-0.966194,857.5,0.453429,-1.83156,1.2,0.45,2500,4000,0,1,0.75,2.8
Kalibr,2,1,5221.64,7766.18,5290.25,7769.23,0.562831,0.826572,-364.808,-725.938,-0.449023,-0.89352,857.5,0.453429,-2.03647,1.2,0.45,2500,4000,0,1,0.75,2.8
Geran2,3,0,5153.43,8335.88,5193.52,8360.8,0.527661,0.849455,307.385,-266.554,0.755502,-0.655146,416.667,9.57307e-009,-0.714376,2.8,1.1,9000,5000,1,1,0.5,2.8
Kinzhal,4,2,4892.33,6222.01,4726.55,6259.79,0.602584,0.798056,614.511,-996.438,0.524914,-0.851155,1250,0.857143,-1.01818,2.4,0.12,7500,2000,2,4,1,2.8
Kalibr,5,1,5554.77,6504.9,5538.06,6595.04,0.643071,0.765806,728.451,-368.556,0.892295,-0.451452,857.5,0.453429,-0.468392,1.2,0.45,9000,5000,1,2,0.75,2.8
Kinzhal,6,2,3049.43,5986.29,2993.43,5878.91,0.453747,0.891131,-212.814,-1150.39,-0.181906,-0.983316,1250,0.857143,-1.75372,2.4,0.12,2500,4000,0,2,1,2.8
Kalibr,1,1,2778.32,8309.9,2821.31,8325.01,0.320965,0.947091,-190.986,-788.995,-0.235268,-0.971931,857.5,0.453429,-1.80829,1.2,0.45,2500,4000,0,1,0.75,2.9
Kalibr,2,1,5183.76,7694.29,4999.6,7805.6,0.539361,0.842075,-378.815,-718.903,-0.466175,-0.884692,857.5,0.453429,-2.05576,1.2,0.45,2500,4000,0,1,0.75,2.9
Geran2,3,0,5184.16,8309.23,5283.85,8425.45,0.531296,0.847186,307.35,-266.529,0.755495,-0.655155,416.667,9.57307e-009,-0.714387,2.8,1.1,9000,5000,1,1,0.5,2.9
Kinzhal,4,2,4953.77,6122.42,4941.12,6228.74,0.621479,0.783431,614.407,-995.906,0.525053,-0.85107,1250,0.857143,-1.01802,2.4,0.12,7500,2000,2,4,1,2.9
Kalibr,5,1,5627.86,6468.54,5444.51,6550.1,0.63922,0.769024,730.891,-363.556,0.895351,-0.445361,857.5,0.453429,-0.461577,1.2,0.45,9000,5000,1,2,0.75,2.9
Kinzhal,6,2,3026.67,5871.58,2918.39,5850.92,0.446348,0.894859,-227.529,-1147.03,-0.194572,-0.980888,1250,0.857143,-1.76662,2.4,0.12,2500,4000,0,2,1,2.9
Kalibr,1,1,2760.87,8230.6,2830.25,8203.99,0.326124,0.945327,-174.539,-792.989,-0.214957,-0.976623,857.5,0.453429,-1.78744,1.2,0.45,2500,4000,0,1,0.75,3
Kalibr,2,1,5144.63,7623.05,5159.23,7899.54,0.546815,0.837254,-391.253,-712.404,-0.481381,-0.876512,857.5,0.453429,-2.07303,1.2,0.45,2500,4000,0,1,0.75,3
Geran2,3,0,5214.89,8282.58,5238.1,8340.88,0.531826,0.846853,307.317,-266.506,0.75549,-0.655161,416.667,9.57307e-009,-0.714395,2.8,1.1,9000,5000,1,1,0.5,3
Kinzhal,4,2,5015.2,6022.87,4847.58,6109.44,0.621565,0.783363,614.291,-995.436,0.52516,-0.851003,1250,0.857143,-1.01789,2.4,0.12,7500,2000,2,4,1,3
Kalibr,5,1,5701.17,6432.64,5699.83,6526.4,0.657801,0.753192,733.058,-359.048,0.898063,-0.439866,857.5,0.453429,-0.45545,1.2,0.45,9000,5000,1,2,0.75,3
Kinzhal,6,2,3002.45,5757.23,3067.96,5865.55,0.463477,0.886109,-242.209,-1143.53,-0.207211,-0.978296,1250,0.857143,-1.77952,2.4,0.12,2500,4000,0,2,1,3
Kalibr,1,1,2744.89,8150.97,2608.84,8215.88,0.302645,0.953103,-159.733,-796.313,-0.196673,-0.980469,857.5,0.453429,-1.76876,1.2,0.45,2500,4000,0,1,0.75,3.1
Kalibr,2,1,5104.4,7552.41,5134.01,7509.45,0.564382,0.825514,-402.309,-706.426,-0.494874,-0.868965,857.5,0.453429,-2.08849,1.2,0.45,2500,4000,0,1,0.75,3.1
Geran2,3,0,5245.62,8255.93,5212.97,8227.07,0.535235,0.844703,307.288,-266.484,0.755486,-0.655165,416.667,9.57307e-009,-0.714401,2.8,1.1,9000,5000,1,1,0.5,3.1
Kinzhal,4,2,5076.61,5923.37,5116.48,6043.09,0.64617,0.763194,614.168,-995.019,0.525244,-0.850952,1250,0.857143,-1.01779,2.4,0.12,7500,2000,2,4,1,3.1
Kalibr,5,1,5774.66,6397.14,5672.39,6393.06,0.663688,0.748009,734.985,-354.983,0.900474,-0.43491,857.5,0.453429,-0.449939,1.2,0.45,9000,5000,1,2,0.75,3.1
Kinzhal,6,2,2976.77,5643.24,2942.18,5600.7,0.465059,0.88528,-256.852,-1139.88,-0.219822,-0.97554,1250,0.857143,-1.79243,2.4,0.12,2500,4000,0,2,1,3.1
Kalibr,1,1,2730.25,8071.06,2907.28,8015.79,0.340961,0.940078,-146.41,-799.089,-0.180221,-0.983626,857.5,0.453429,-1.75201,1.2,0.45,2500,4000,0,1,0.75,3.2
Kalibr,2,1,5063.19,7482.31,5082.91,7422.22,0.565028,0.825072,-412.145,-700.945,-0.50686,-0.862028,857.5,0.453429,-2.10233,1.2,0.45,2500,4000,0,1,0.75,3.2
Geran2,3,0,5276.35,8229.29,5415.53,8052.91,0.558043,0.829812,307.262,-266.463,0.755483,-0.655168,416.667,9.57307e-009,-0.714405,2.8,1.1,9000,5000,1,1,0.5,3.2
Kinzhal,4,2,5138.02,5823.91,5018.73,5723.8,0.659278,0.751899,614.044,-994.648,0.525309,-0.850912,1250,0.857143,-1.01772,2.4,0.12,7500,2000,2,4,1,3.2
Kalibr,5,1,5848.33,6362.01,5914.97,6203.44,0.690079,0.723734,736.702,-351.316,0.90262,-0.430439,857.5,0.453429,-0.444979,1.2,0.45,9000,5000,1,2,0.75,3.2
Kinzhal,6,2,2949.62,5529.64,3103.44,5565.18,0.487042,0.873378,-271.457,-1136.08,-0.2324,-0.97262,1250,0.857143,-1.80534,2.4,0.12,2500,4000,0,2,1,3.2
Kalibr,1,1,2716.81,7990.92,2555.03,7993.39,0.304467,0.952523,-134.422,-801.414,-0.16542,-0.986223,857.5,0.453429,-1.73698,1.2,0.45,2500,4000,0,1,0.75,3.3
Kalibr,2,1,5021.1,7412.72,5093.55,7268.24,0.5739,0.818926,-420.905,-695.932,-0.517517,-0.855673,857.5,0.453429,-2.11474,1.2,0.45,2500,4000,0,1,0.75,3.3
Geran2,3,0,5307.07,8202.64,5358.16,8403.8,0.53761,0.843194,307.238,-266.444,0.755481,-0.655171,416.667,9.57307e-009,-0.714408,2.8,1.1,9000,5000,1,1,0.5,3.3
Kinzhal,4,2,5199.41,5724.48,5436.07,5614.48,0.6956,0.718429,613.922,-994.318,0.525359,-0.85088,1250,0.857143,-1.01766,2.4,0.12,7500,2000,2,4,1,3.3
Kalibr,5,1,5922.16,6327.21,5750.66,6366.03,0.670331,0.742063,738.233,-348.009,0.904533,-0.426404,857.5,0.453429,-0.440513,1.2,0.45,9000,5000,1,2,0.75,3.3
Kinzhal,6,2,2921.08,5416.41,2903.06,5268.98,0.482572,0.875856,-285.431,-1132.28,-0.244437,-0.969665,1250,0.857143,-1.81774,2.4,0.12,2500,4000,0,2,1,3.3
Kalibr,1,1,2704.45,7910.58,2638.34,7656.34,0.325795,0.94544,-123.636,-803.368,-0.152107,-0.988364,857.5,0.453429,-1.7235,1.2,0.45,2500,4000,0,1,0.75,3.4
Kalibr,2,1,4978.23,7343.58,5011.72,7369.39,0.562351,0.826899,-428.712,-691.359,-0.527002,-0.849864,857.5,0.453429,-2.12586,1.2,0.45,2500,4000,0,1,0.75,3.4
Geran2,3,0,5337.79,8176,5511.83,8198.07,0.557952,0.829874,307.217,-266.427,0.75548,-0.655172,416.667,9.57307e-009,-0.71441,2.8,1.1,9000,5000,1,1,0.5,3.4
Kinzhal,4,2,5260.79,5625.07,5234.05,5708.13,0.675837,0.737051,613.803,-994.022,0.525399,-0.850856,1250,0.857143,-1.01761,2.4,0.12,7500,2000,2,4,1,3.4
Kalibr,5,1,5996.12,6292.71,6001.13,6156.63,0.698006,0.716092,739.601,-345.024,0.906241,-0.422761,857.5,0.453429,-0.43649,1.2,0.45,9000,5000,1,2,0.75,3.4
Kinzhal,6,2,2891.4,5303.5,2719.79,5432.48,0.447681,0.894193,-296.829,-1129.05,-0.254262,-0.967135,1250,0.857143,-1.82788,2.4,0.12,2500,4000,0,2,1,3.4
Kalibr,1,1,2693.05,7830.08,2592.85,7876.09,0.312697,0.949853,-113.932,-805.015,-0.140132,-0.990133,857.5,0.453429,-1.71139,1.2,0.45,2500,4000,0,1,0.75,3.5
Kalibr,2,1,4934.66,7274.86,4949.15,7188.18,0.567095,0.823652,-435.678,-687.194,-0.535451,-0.844566,857.5,0.453429,-2.13584,1.2,0.45,2500,4000,0,1,0.75,3.5
Geran2,3,0,5368.51,8149.36,5277.93,8177.62,0.542275,0.840201,307.197,-266.41,0.755479,-0.655173,416.667,9.57307e-009,-0.714412,2.8,1.1,9000,5000,1,1,0.5,3.5
Kinzhal,4,2,5322.16,5525.7,5488.59,5485.74,0.70729,0.706923,613.689,-993.758,0.52543,-0.850837,1250,0.857143,-1.01758,2.4,0.12,7500,2000,2,4,1,3.5
Kalibr,5,1,6070.2,6258.47,5817.6,6345.6,0.675775,0.737108,740.825,-342.328,0.907769,-0.419472,857.5,0.453429,-0.432863,1.2,0.45,9000,5000,1,2,0.75,3.5
Kinzhal,6,2,2860.78,5190.88,2926.69,5216.91,0.489268,0.872133,-306.188,-1126.29,-0.262335,-0.964977,1250,0.857143,-1.83624,2.4,0.12,2500,4000,0,2,1,3.5
Kalibr,1,1,2682.53,7749.44,2687.9,7879.18,0.322869,0.946443,-105.2,-806.409,-0.129359,-0.991598,857.5,0.453429,-1.70052,1.2,0.45,2500,4000,0,1,0.75,3.6
Kalibr,2,1,4890.47,7206.52,5034.18,7270.12,0.569288,0.822138,-441.897,-683.407,-0.542985,-0.839742,857.5,0.453429,-2.14478,1.2,0.45,2500,4000,0,1,0.75,3.6
Geran2,3,0,5399.23,8122.72,5442.34,8059.96,0.559605,0.82876,307.179,-266.395,0.755478,-0.655174,416.667,9.57307e-009,-0.714413,2.8,1.1,9000,5000,1,1,0.5,3.6
Kinzhal,4,2,5383.52,5426.34,5166.15,5342.87,0.695118,0.718896,613.581,-993.52,0.525454,-0.850822,1250,0.857143,-1.01755,2.4,0.12,7500,2000,2,4,1,3.6
Kalibr,5,1,6144.39,6224.48,6096.25,6208.71,0.700615,0.71354,741.921,-339.894,0.909136,-0.4165,857.5,0.453429,-0.429592,1.2,0.45,9000,5000,1,2,0.75,3.6
Kinzhal,6,2,2829.38,5078.48,2910,5189.57,0.489095,0.872231,-313.932,-1123.93,-0.269019,-0.963135,1250,0.857143,-1.84317,2.4,0.12,2500,4000,0,2,1,3.6
Kalibr,1,1,2672.8,7668.68,2569.54,7626.97,0.31927,0.947664,-97.3406,-807.592,-0.119666,-0.992814,857.5,0.453429,-1.69075,1.2,0.45,2500,4000,0,1,0.75,3.7
Kalibr,2,1,4845.72,7138.53,4856.34,7308.45,0.553441,0.832889,-447.455,-679.968,-0.549709,-0.835356,857.5,0.453429,-2.15281,1.2,0.45,2500,4000,0,1,0.75,3.7
Geran2,3,0,5429.95,8096.08,5604.94,8157.07,0.56632,0.824185,307.162,-266.381,0.755477,-0.655175,416.667,9.57307e-009,-0.714414,2.8,1.1,9000,5000,1,1,0.5,3.7
Kinzhal,4,2,5444.86,5327.01,5507.94,5134.05,0.731498,0.681843,613.479,-993.306,0.525472,-0.850811,1250,0.857143,-1.01753,2.4,0.12,7500,2000,2,4,1,3.7
Kalibr,5,1,6218.68,6190.71,6186.15,6171.37,0.707952,0.706261,742.904,-337.694,0.910362,-0.413813,857.5,0.453429,-0.426639,1.2,0.45,9000,5000,1,2,0.75,3.7
Kinzhal,6,2,2797.34,4966.29,2762.29,4942.06,0.487895,0.872902,-320.4,-1121.91,-0.274604,-0.961557,1250,0.857143,-1.84897,2.4,0.12,2500,4000,0,2,1,3.7
Kalibr,1,1,2663.77,7587.82,2618.1,7505.76,0.329351,0.944207,-90.2652,-808.6,-0.110942,-0.993827,857.5,0.453429,-1.68197,1.2,0.45,2500,4000,0,1,0.75,3.8
Kalibr,2,1,4800.48,7070.84,4773.38,6956.97,0.565762,0.824569,-452.426,-676.848,-0.555715,-0.831373,857.5,0.453429,-2.16002,1.2,0.45,2500,4000,0,1,0.75,3.8
Geran2,3,0,5460.66,8069.44,5295.42,8147.48,0.544956,0.838465,307.147,-266.369,0.755477,-0.655175,416.667,9.57307e-009,-0.714415,2.8,1.1,9000,5000,1,1,0.5,3.8
Kinzhal,4,2,5506.2,5227.7,5547.52,5146.3,0.733121,0.680098,613.384,-993.114,0.525487,-0.850802,1250,0.857143,-1.01751,2.4,0.12,7500,2000,2,4,1,3.8
Kalibr,5,1,6293.06,6157.14,6163.08,6243.89,0.702486,0.711697,743.786,-335.704,0.911462,-0.411384,857.5,0.453429,-0.423972,1.2,0.45,9000,5000,1,2,0.75,3.8
Kinzhal,6,2,2764.76,4854.27,2805.91,4975.35,0.491228,0.871031,-325.86,-1120.17,-0.279323,-0.960197,1250,0.857143,-1.85389,2.4,0.12,2500,4000,0,2,1,3.8
Kalibr,1,1,2655.38,7506.87,2508.17,7504.37,0.316991,0.948429,-83.8935,-809.462,-0.103089,-0.994672,857.5,0.453429,-1.67407,1.2,0.45,2500,4000,0,1,0.75,3.9
Kalibr,2,1,4754.79,7003.44,4806.19,6900.07,0.571557,0.820562,-456.876,-674.02,-0.561085,-0.827758,857.5,0.453429,-2.16649,1.2,0.45,2500,4000,0,1,0.75,3.9
Geran2,3,0,5491.38,8042.81,5414.89,7992.61,0.560887,0.827892,307.134,-266.357,0.755477,-0.655176,416.667,9.57307e-009,-0.714415,2.8,1.1,9000,5000,1,1,0.5,3.9
Kinzhal,4,2,5567.53,5128.41,5566.29,5058.29,0.740071,0.672529,613.296,-992.941,0.525498,-0.850795,1250,0.857143,-1.0175,2.4,0.12,7500,2000,2,4,1,3.9
Kalibr,5,1,6367.52,6123.75,6221.15,6143.52,0.711532,0.702654,744.58,-333.904,0.912451,-0.409185,857.5,0.453429,-0.421561,1.2,0.45,9000,5000,1,2,0.75,3.9
Kinzhal,6,2,2731.7,4742.41,2706.46,4774.87,0.49311,0.869967,-330.534,-1118.65,-0.283364,-0.959012,1250,0.857143,-1.8581,2.4,0.12,2500,4000,0,2,1,3.9
Kalibr,1,1,2647.57,7425.85,2675.57,7357.86,0.341742,0.939794,-78.1536,-810.202,-0.0960162,-0.99538,857.5,0.453429,-1.66696,1.2,0.45,2500,4000,0,1,0.75,4
Kalibr,2,1,4708.71,6936.29,4721.13,6873.21,0.566186,0.824278,-460.862,-671.458,-0.565891,-0.82448,857.5,0.453429,-2.17231,1.2,0.45,2500,4000,0,1,0.75,4
Geran2,3,0,5522.09,8016.17,5276.29,8142.35,0.543811,0.839207,307.121,-266.346,0.755476,-0.655176,416.667,9.57307e-009,-0.714415,2.8,1.1,9000,5000,1,1,0.5,4
Kinzhal,4,2,5628.85,5029.13,5539.99,5111.44,0.734962,0.678109,613.213,-992.784,0.525507,-0.850789,1250,0.857143,-1.01749,2.4,0.12,7500,2000,2,4,1,4
Kalibr,5,1,6442.05,6090.53,6474.06,6169.53,0.723928,0.689875,745.294,-332.274,0.913341,-0.407194,857.5,0.453429,-0.41938,1.2,0.45,9000,5000,1,2,0.75,4
Kinzhal,6,2,2698.24,4630.68,2752.69,4580.18,0.515127,0.857114,-334.605,-1117.31,-0.286886,-0.957965,1250,0.857143,-1.86177,2.4,0.12,2500,4000,0,2,1,4
Kalibr,1,1,2640.27,7344.77,2467.09,7510.98,0.312061,0.950062,-72.9806,-810.839,-0.0896439,-0.995974,857.5,0.453429,-1.66056,1.2,0.45,2500,4000,0,1,0.75,4.1
Kalibr,2,1,4662.26,6869.38,4559.66,6822.72,0.555643,0.831421,-464.435,-669.138,-0.570194,-0.82151,857.5,0.453429,-2.17754,1.2,0.45,2500,4000,0,1,0.75,4.1
Geran2,3,0,5552.8,7989.54,5515.93,7974.61,0.568864,0.822431,307.11,-266.337,0.755476,-0.655176,416.667,9.57307e-009,-0.714416,2.8,1.1,9000,5000,1,1,0.5,4.1
Kinzhal,4,2,5690.17,4929.87,5740.57,4905.04,0.760267,0.649611,613.137,-992.643,0.525514,-0.850785,1250,0.857143,-1.01748,2.4,0.12,7500,2000,2,4,1,4.1
Kalibr,5,1,6516.64,6057.45,6488.9,6024.35,0.732853,0.680387,745.938,-330.797,0.914144,-0.405391,857.5,0.453429,-0.417406,1.2,0.45,9000,5000,1,2,0.75,4.1
Kinzhal,6,2,2664.42,4519.07,2689.72,4505.27,0.512611,0.858621,-338.233,-1116.09,-0.290025,-0.957019,1250,0.857143,-1.86505,2.4,0.12,2500,4000,0,2,1,4.1
Kalibr,1,1,2633.44,7263.63,2651.97,7230.22,0.344357,0.938839,-68.3164,-811.389,-0.0839,-0.996474,857.5,0.453429,-1.6548,1.2,0.45,2500,4000,0,1,0.75,4.2
Kalibr,2,1,4615.5,6802.68,4601.28,6770.39,0.562094,0.827073,-467.642,-667.038,-0.574052,-0.818819,857.5,0.453429,-2.18224,1.2,0.45,2500,4000,0,1,0.75,4.2
Geran2,3,0,5583.51,7962.91,5536.46,8019.66,0.568126,0.822942,307.099,-266.328,0.755476,-0.655176,416.667,9.57307e-009,-0.714416,2.8,1.1,9000,5000,1,1,0.5,4.2
Kinzhal,4,2,5751.47,4830.61,5779.52,4708.83,0.775262,0.63164,613.067,-992.515,0.52552,-0.850782,1250,0.857143,-1.01747,2.4,0.12,7500,2000,2,4,1,4.2
Kalibr,5,1,6591.29,6024.5,6572.34,6105.36,0.732656,0.680599,746.52,-329.458,0.914867,-0.403755,857.5,0.453429,-0.415617,1.2,0.45,9000,5000,1,2,0.75,4.2
Kinzhal,6,2,2630.26,4407.57,2633.88,4298.61,0.522453,0.852668,-341.572,-1114.97,-0.292914,-0.956139,1250,0.857143,-1.86807,2.4,0.12,2500,4000,0,2,1,4.2
Kalibr,1,1,2627.03,7182.44,2571.38,7068.93,0.341844,0.939757,-64.109,-811.866,-0.07872,-0.996897,857.5,0.453429,-1.6496,1.2,0.45,2500,4000,0,1,0.75,4.3
Kalibr,2,1,4568.45,6736.16,4720.71,6518.88,0.586521,0.809934,-470.521,-665.137,-0.577513,-0.816382,857.5,0.453429,-2.18647,1.2,0.45,2500,4000,0,1,0.75,4.3
Geran2,3,0,5614.22,7936.27,5612.75,7920.3,0.578191,0.815901,307.09,-266.319,0.755476,-0.655176,416.667,9.57307e-009,-0.714416,2.8,1.1,9000,5000,1,1,0.5,4.3
Kinzhal,4,2,5812.77,4731.38,5661.23,4580.3,0.777419,0.628983,613.003,-992.4,0.525524,-0.850779,1250,0.857143,-1.01747,2.4,0.12,7500,2000,2,4,1,4.3
Kalibr,5,1,6666,5991.68,6742.61,5927.92,0.751022,0.660278,747.045,-328.243,0.915521,-0.40227,857.5,0.453429,-0.413995,1.2,0.45,9000,5000,1,2,0.75,4.3
Kinzhal,6,2,2595.78,4296.18,2695.5,4312.45,0.530029,0.847979,-344.793,-1113.88,-0.2957,-0.955281,1250,0.857143,-1.87098,2.4,0.12,2500,4000,0,2,1,4.3
Kalibr,1,1,2621,7101.21,2604.07,7128.51,0.343126,0.93929,-60.3115,-812.281,-0.0740457,-0.997255,857.5,0.453429,-1.64491,1.2,0.45,2500,4000,0,1,0.75,4.4
Kalibr,2,1,4521.14,6669.82,4572.05,6691.11,0.564172,0.825657,-473.108,-663.417,-0.58062,-0.814175,857.5,0.453429,-2.19029,1.2,0.45,2500,4000,0,1,0.75,4.4
Geran2,3,0,5644.93,7909.64,5555.5,7852.43,0.577558,0.81635,307.081,-266.312,0.755476,-0.655176,416.667,9.57307e-009,-0.714416,2.8,1.1,9000,5000,1,1,0.5,4.4
Kinzhal,4,2,5874.07,4632.15,5972.46,4539.25,0.796151,0.605098,612.944,-992.295,0.525527,-0.850777,1250,0.857143,-1.01746,2.4,0.12,7500,2000,2,4,1,4.4
Kalibr,5,1,6740.75,5958.96,6708.25,5988.79,0.745977,0.665971,747.52,-327.139,0.916113,-0.400921,857.5,0.453429,-0.412522,1.2,0.45,9000,5000,1,2,0.75,4.4
Kinzhal,6,2,2560.97,4184.91,2563.08,4221.6,0.518974,0.85479,-348.152,-1112.75,-0.298603,-0.954377,1250,0.857143,-1.87402,2.4,0.12,2500,4000,0,2,1,4.4
Kalibr,1,1,2615.31,7019.95,2655.96,6904.52,0.359024,0.933328,-56.8819,-812.643,-0.0698254,-0.997559,857.5,0.453429,-1.64068,1.2,0.45,2500,4000,0,1,0.75,4.5
Kalibr,2,1,4473.59,6603.63,4638.78,6462.79,0.58311,0.812393,-475.435,-661.861,-0.583412,-0.812177,857.5,0.453429,-2.19372,1.2,0.45,2500,4000,0,1,0.75,4.5
Geran2,3,0,5675.63,7883.01,5796.2,7852.45,0.593875,0.804557,307.073,-266.305,0.755476,-0.655176,416.667,9.57307e-009,-0.714416,2.8,1.1,9000,5000,1,1,0.5,4.5
Kinzhal,4,2,5935.36,4532.93,6068.57,4658.64,0.793223,0.608931,612.89,-992.201,0.52553,-0.850775,1250,0.857143,-1.01746,2.4,0.12,7500,2000,2,4,1,4.5
Kalibr,5,1,6815.55,5926.35,6815.18,5899.9,0.756051,0.654513,747.95,-326.136,0.916648,-0.399695,857.5,0.453429,-0.411184,1.2,0.45,9000,5000,1,2,0.75,4.5
Kinzhal,6,2,2525.75,4073.77,2449.3,4229.3,0.501152,0.865359,-352.229,-1111.38,-0.30212,-0.95327,1250,0.857143,-1.87771,2.4,0.12,2500,4000,0,2,1,4.5
Kalibr,1,1,2609.93,6938.65,2666.84,6952.25,0.358147,0.933665,-53.7828,-812.959,-0.0660124,-0.997819,857.5,0.453429,-1.63686,1.2,0.45,2500,4000,0,1,0.75,4.6
Kalibr,2,1,4425.84,6537.59,4524.62,6511.23,0.570645,0.821197,-477.529,-660.453,-0.585922,-0.810367,857.5,0.453429,-2.19681,1.2,0.45,2500,4000,0,1,0.75,4.6
Geran2,3,0,5706.34,7856.38,5699.82,7970.2,0.581699,0.813404,307.065,-266.298,0.755476,-0.655176,416.667,9.57307e-009,-0.714416,2.8,1.1,9000,5000,1,1,0.5,4.6
Kinzhal,4,2,5996.64,4433.71,6019.38,4497.56,0.801083,0.598553,612.84,-992.115,0.525532,-0.850774,1250,0.857143,-1.01746,2.4,0.12,7500,2000,2,4,1,4.6
Kalibr,5,1,6890.38,5893.83,6966.13,5812.46,0.767822,0.640663,748.341,-325.222,0.917134,-0.398578,857.5,0.453429,-0.409966,1.2,0.45,9000,5000,1,2,0.75,4.6
Kalibr,1,1,2604.83,6857.33,2687.9,6881.91,0.363811,0.931473,-50.9802,-813.237,-0.0625652,-0.998041,857.5,0.453429,-1.6334,1.2,0.45,2500,4000,0,1,0.75,4.7
Kalibr,2,1,4377.9,6471.67,4232.81,6565.75,0.541841,0.840481,-479.416,-659.178,-0.588183,-0.808728,857.5,0.453429,-2.19961,1.2,0.45,2500,4000,0,1,0.75,4.7
Geran2,3,0,5737.05,7829.75,5691.47,7874,0.585808,0.81045,307.059,-266.293,0.755476,-0.655176,416.667,9.57307e-009,-0.714416,2.8,1.1,9000,5000,1,1,0.5,4.7
Kinzhal,4,2,6057.92,4334.51,6085.99,4191.5,0.823575,0.567207,612.795,-992.037,0.525534,-0.850773,1250,0.857143,-1.01745,2.4,0.12,7500,2000,2,4,1,4.7
Kalibr,5,1,6965.25,5861.39,6964.25,5768.49,0.770124,0.637894,748.696,-324.389,0.917576,-0.397561,857.5,0.453429,-0.408857,1.2,0.45,9000,5000,1,2,0.75,4.7
Kalibr,1,1,2599.99,6775.98,2401.26,6904.29,0.328492,0.944507,-48.4442,-813.482,-0.0594463,-0.998232,857.5,0.453429,-1.63028,1.2,0.45,2500,4000,0,1,0.75,4.8
Kalibr,2,1,4329.79,6405.87,4312.65,6236.73,0.568757,0.822506,-481.116,-658.024,-0.590219,-0.807243,857.5,0.453429,-2.20213,1.2,0.45,2500,4000,0,1,0.75,4.8
Geran2,3,0,5767.75,7803.12,5880.58,7883.67,0.597904,0.801567,307.052,-266.287,0.755476,-0.655176,416.667,9.57307e-009,-0.714416,2.8,1.1,9000,5000,1,1,0.5,4.8
Kinzhal,4,2,6119.2,4235.31,6082.13,4289.12,0.81723,0.576311,612.753,-991.967,0.525535,-0.850772,1250,0.857143,-1.01745,2.4,0.12,7500,2000,2,4,1,4.8
Kalibr,5,1,7040.15,5829.03,7138.13,5773.92,0.777488,0.628898,749.019,-323.63,0.917978,-0.396632,857.5,0.453429,-0.407845,1.2,0.45,9000,5000,1,2,0.75,4.8
Kalibr,1,1,2595.37,6694.61,2570.28,6482.2,0.368596,0.92959,-46.1474,-813.698,-0.0566222,-0.998396,857.5,0.453429,-1.62745,1.2,0.45,2500,4000,0,1,0.75,4.9
Kalibr,2,1,4281.52,6340.17,4488.2,6499.2,0.568247,0.822858,-482.65,-656.978,-0.592054,-0.805898,857.5,0.453429,-2.2044,1.2,0.45,2500,4000,0,1,0.75,4.9
Geran2,3,0,5798.46,7776.5,5710,7999.09,0.580993,0.813908,307.047,-266.282,0.755476,-0.655176,416.667,9.57307e-009,-0.714416,2.8,1.1,9000,5000,1,1,0.5,4.9
Kinzhal,4,2,6180.47,4136.12,6294.77,4110.2,0.837311,0.546726,612.715,-991.903,0.525536,-0.850771,1250,0.857143,-1.01745,2.4,0.12,7500,2000,2,4,1,4.9
Kalibr,5,1,7115.08,5796.73,6931.39,5801.08,0.766863,0.641811,749.313,-322.936,0.918343,-0.395784,857.5,0.453429,-0.406922,1.2,0.45,9000,5000,1,2,0.75,4.9
Kalibr,1,1,2590.97,6613.22,2592.58,6436.71,0.373613,0.927585,-44.0656,-813.889,-0.0540629,-0.998538,857.5,0.453429,-1.62489,1.2,0.45,2500,4000,0,1,0.75,5
Kalibr,2,1,4233.12,6274.57,4305.91,6131.5,0.574703,0.818362,-484.035,-656.031,-0.593711,-0.804678,857.5,0.453429,-2.20646,1.2,0.45,2500,4000,0,1,0.75,5
Geran2,3,0,5829.16,7749.87,5777.68,7871.15,0.59173,0.806136,307.042,-266.278,0.755476,-0.655176,416.667,9.57307e-009,-0.714416,2.8,1.1,9000,5000,1,1,0.5,5
Kinzhal,4,2,6241.74,4036.94,6353.94,4070.62,0.842025,0.539439,612.681,-991.845,0.525537,-0.850771,1250,0.857143,-1.01745,2.4,0.12,7500,2000,2,4,1,5
Kalibr,5,1,7190.04,5764.5,7210.29,5580.07,0.790834,0.61203,749.581,-322.301,0.918678,-0.395008,857.5,0.453429,-0.406077,1.2,0.45,9000,5000,1,2,0.75,5
Kalibr,1,1,2586.75,6531.82,2723.93,6603.76,0.381317,0.924444,-42.1771,-814.059,-0.0517415,-0.998661,857.5,0.453429,-1.62256,1.2,0.45,2500,4000,0,1,0.75,5.1
Kalibr,2,1,4184.59,6209.05,4333.73,6237.31,0.570597,0.82123,-485.287,-655.172,-0.595208,-0.803572,857.5,0.453429,-2.20832,1.2,0.45,2500,4000,0,1,0.75,5.1
Geran2,3,0,5859.86,7723.24,6002.36,7522.33,0.623712,0.781654,307.037,-266.274,0.755476,-0.655176,416.667,9.57307e-009,-0.714416,2.8,1.1,9000,5000,1,1,0.5,5.1
Kinzhal,4,2,6303,3937.76,6275,3996.63,0.843451,0.537205,612.65,-991.793,0.525537,-0.85077,1250,0.857143,-1.01745,2.4,0.12,7500,2000,2,4,1,5.1
Kalibr,5,1,7265.02,5732.33,7352.87,5624.04,0.794292,0.607536,749.827,-321.72,0.918983,-0.394297,857.5,0.453429,-0.405303,1.2,0.45,9000,5000,1,2,0.75,5.1
Kalibr,1,1,2582.7,6450.4,2447.79,6390.33,0.357701,0.933836,-40.4622,-814.21,-0.0496338,-0.998767,857.5,0.453429,-1.62045,1.2,0.45,2500,4000,0,1,0.75,5.2
Kalibr,2,1,4135.95,6143.61,4267.89,5970.57,0.581526,0.813528,-486.42,-654.393,-0.596561,-0.802568,857.5,0.453429,-2.21001,1.2,0.45,2500,4000,0,1,0.75,5.2
Geran2,3,0,5890.57,7696.61,5893.04,7655.02,0.610007,0.792396,307.033,-266.27,0.755476,-0.655176,416.667,9.57307e-009,-0.714416,2.8,1.1,9000,5000,1,1,0.5,5.2
Kinzhal,4,2,6364.26,3838.58,6325.21,3724.85,0.861688,0.507439,612.621,-991.745,0.525538,-0.85077,1250,0.857143,-1.01745,2.4,0.12,7500,2000,2,4,1,5.2
Kalibr,5,1,7340.03,5700.21,7332.82,5592.26,0.795152,0.606411,750.052,-321.186,0.919263,-0.393645,857.5,0.453429,-0.404593,1.2,0.45,9000,5000,1,2,0.75,5.2
Kalibr,1,1,2578.81,6368.96,2667.09,6351.15,0.387184,0.922002,-38.9035,-814.345,-0.0477183,-0.998861,857.5,0.453429,-1.61853,1.2,0.45,2500,4000,0,1,0.75,5.3
Kalibr,2,1,4087.2,6078.24,4051.22,6186.65,0.547827,0.836592,-487.445,-653.686,-0.597785,-0.801656,857.5,0.453429,-2.21153,1.2,0.45,2500,4000,0,1,0.75,5.3
Geran2,3,0,5921.27,7669.99,6001.94,7608.19,0.619357,0.78511,307.029,-266.266,0.755476,-0.655176,416.667,9.57307e-009,-0.714416,2.8,1.1,9000,5000,1,1,0.5,5.3
Kinzhal,4,2,6425.52,3739.41,6498.92,3818.04,0.862216,0.506541,612.595,-991.702,0.525538,-0.85077,1250,0.857143,-1.01745,2.4,0.12,7500,2000,2,4,1,5.3
Kalibr,5,1,7415.05,5668.14,7384.36,5789.64,0.786958,0.617007,750.259,-320.695,0.919519,-0.393045,857.5,0.453429,-0.40394,1.2,0.45,9000,5000,1,2,0.75,5.3
Kalibr,1,1,2575.06,6287.51,2352.08,6306.88,0.34943,0.936962,-37.4851,-814.465,-0.0459755,-0.998943,857.5,0.453429,-1.61679,1.2,0.45,2500,4000,0,1,0.75,5.4
Kalibr,2,1,4038.36,6012.94,4227.31,6018.06,0.5748,0.818294,-488.374,-653.043,-0.598894,-0.800828,857.5,0.453429,-2.21292,1.2,0.45,2500,4000,0,1,0.75,5.4
Geran2,3,0,5951.97,7643.36,6103.05,7551.09,0.628592,0.777735,307.025,-266.263,0.755476,-0.655176,416.667,9.57307e-009,-0.714416,2.8,1.1,9000,5000,1,1,0.5,5.4
Kinzhal,4,2,6486.78,3640.25,6551.01,3556.59,0.878835,0.477126,612.571,-991.662,0.525539,-0.85077,1250,0.857143,-1.01745,2.4,0.12,7500,2000,2,4,1,5.4
Kalibr,5,1,7490.1,5636.12,7355.79,5705,0.790193,0.612858,750.449,-320.242,0.919756,-0.392491,857.5,0.453429,-0.403339,1.2,0.45,9000,5000,1,2,0.75,5.4
Kalibr,1,1,2571.44,6206.06,2565.29,6214.11,0.381582,0.924335,-36.1929,-814.572,-0.044388,-0.999014,857.5,0.453429,-1.6152,1.2,0.45,2500,4000,0,1,0.75,5.5
Kalibr,2,1,3989.44,5947.69,4195.42,6072.35,0.56843,0.822732,-489.217,-652.459,-0.5999,-0.800075,857.5,0.453429,-2.21417,1.2,0.45,2500,4000,0,1,0.75,5.5
Geran2,3,0,5982.67,7616.73,5808.33,7568.95,0.608793,0.793329,307.022,-266.26,0.755476,-0.655176,416.667,9.57307e-009,-0.714416,2.8,1.1,9000,5000,1,1,0.5,5.5
Kinzhal,4,2,6548.04,3541.09,6372.91,3574.1,0.872199,0.489152,612.55,-991.627,0.525539,-0.850769,1250,0.857143,-1.01745,2.4,0.12,7500,2000,2,4,1,5.5
Kalibr,5,1,7565.16,5604.14,7691.73,5680.12,0.80443,0.594048,750.624,-319.825,0.919973,-0.391981,857.5,0.453429,-0.402784,1.2,0.45,9000,5000,1,2,0.75,5.5
Kalibr,1,1,2567.94,6124.59,2475.43,6144.46,0.373687,0.927555,-35.0142,-814.669,-0.04294,-0.999078,857.5,0.453429,-1.61375,1.2,0.45,2500,4000,0,1,0.75,5.6
Kalibr,2,1,3940.44,5882.5,3970.83,5850.19,0.561604,0.827406,-489.983,-651.927,-0.600814,-0.799389,857.5,0.453429,-2.21532,1.2,0.45,2500,4000,0,1,0.75,5.6
Geran2,3,0,6013.38,7590.11,5999.32,7508.12,0.62424,0.781233,307.019,-266.258,0.755476,-0.655176,416.667,9.57307e-009,-0.714416,2.8,1.1,9000,5000,1,1,0.5,5.6
Kinzhal,4,2,6609.29,3441.93,6541.66,3398.94,0.887368,0.461062,612.53,-991.594,0.525539,-0.850769,1250,0.857143,-1.01745,2.4,0.12,7500,2000,2,4,1,5.6
Kalibr,5,1,7640.24,5572.19,7755.25,5539.9,0.813712,0.581269,750.787,-319.438,0.920175,-0.391508,857.5,0.453429,-0.40227,1.2,0.45,9000,5000,1,2,0.75,5.6
Kalibr,1,1,2564.55,6043.12,2688.93,6130.39,0.401682,0.915779,-33.9376,-814.755,-0.0416176,-0.999134,857.5,0.453429,-1.61243,1.2,0.45,2500,4000,0,1,0.75,5.7
Kalibr,2,1,3891.38,5817.36,3762.43,5887.11,0.538513,0.842617,-490.679,-651.443,-0.601644,-0.798764,857.5,0.453429,-2.21635,1.2,0.45,2500,4000,0,1,0.75,5.7
Geran2,3,0,6044.08,7563.48,5971.04,7515.03,0.622088,0.782947,307.016,-266.255,0.755476,-0.655176,416.667,9.57307e-009,-0.714416,2.8,1.1,9000,5000,1,1,0.5,5.7
Kinzhal,4,2,6670.54,3342.77,6543.53,3401.35,0.887288,0.461216,612.512,-991.565,0.525539,-0.850769,1250,0.857143,-1.01745,2.4,0.12,7500,2000,2,4,1,5.7
Kalibr,5,1,7715.33,5540.28,7737.82,5503.58,0.814899,0.579602,750.937,-319.079,0.920361,-0.391069,857.5,0.453429,-0.401793,1.2,0.45,9000,5000,1,2,0.75,5.7
Kalibr,1,1,2561.25,5961.63,2349.99,5929.5,0.368441,0.929651,-32.9528,-814.833,-0.0404081,-0.999183,857.5,0.453429,-1.61122,1.2,0.45,2500,4000,0,1,0.75,5.8
Kalibr,2,1,3842.25,5752.26,3780.3,5811.91,0.545248,0.838275,-491.313,-651.001,-0.6024,-0.798194,857.5,0.453429,-2.2173,1.2,0.45,2500,4000,0,1,0.75,5.8
Geran2,3,0,6074.78,7536.86,5981.67,7606.04,0.618172,0.786043,307.013,-266.253,0.755476,-0.655176,416.667,9.57307e-009,-0.714416,2.8,1.1,9000,5000,1,1,0.5,5.8
Kinzhal,4,2,6731.79,3243.62,6751.68,3140.36,0.906719,0.421736,612.496,-991.538,0.52554,-0.850769,1250,0.857143,-1.01745,2.4,0.12,7500,2000,2,4,1,5.8
Kalibr,5,1,7790.44,5508.41,7796.25,5265.17,0.828716,0.55967,751.077,-318.745,0.920535,-0.39066,857.5,0.453429,-0.401349,1.2,0.45,9000,5000,1,2,0.75,5.8
Kalibr,1,1,2558.05,5880.14,2392.35,5879.35,0.3769,0.926254,-32.0505,-814.904,-0.0393,-0.999227,857.5,0.453429,-1.61011,1.2,0.45,2500,4000,0,1,0.75,5.9
Kalibr,2,1,3793.06,5687.2,3870.6,5702.83,0.561584,0.82742,-491.891,-650.598,-0.603089,-0.797674,857.5,0.453429,-2.21816,1.2,0.45,2500,4000,0,1,0.75,5.9
Geran2,3,0,6105.48,7510.23,6146.36,7574.46,0.630106,0.77651,307.011,-266.251,0.755476,-0.655176,416.667,9.57307e-009,-0.714416,2.8,1.1,9000,5000,1,1,0.5,5.9
Kinzhal,4,2,6793.04,3144.46,6793.58,3177.45,0.905819,0.423664,612.481,-991.514,0.52554,-0.850769,1250,0.857143,-1.01745,2.4,0.12,7500,2000,2,4,1,5.9
Kalibr,5,1,7865.56,5476.57,7844.95,5268.19,0.830178,0.557498,751.207,-318.433,0.920697,-0.390278,857.5,0.453429,-0.400934,1.2,0.45,9000,5000,1,2,0.75,5.9
Kalibr,1,1,2554.93,5798.65,2537.38,5886.83,0.395823,0.918327,-31.2224,-814.967,-0.0382832,-0.999267,857.5,0.453429,-1.60909,1.2,0.45,2500,4000,0,1,0.75,6
Kalibr,2,1,3743.81,5622.17,3816.53,5618.43,0.561907,0.8272,-492.418,-650.229,-0.603718,-0.797198,857.5,0.453429,-2.21895,1.2,0.45,2500,4000,0,1,0.75,6
Geran2,3,0,6136.18,7483.61,5980.09,7543.81,0.621208,0.783646,307.009,-266.249,0.755476,-0.655176,416.667,9.57307e-009,-0.714416,2.8,1.1,9000,5000,1,1,0.5,6
Kinzhal,4,2,6854.28,3045.32,7004.7,3204.96,0.909337,0.416061,612.468,-991.492,0.52554,-0.850769,1250,0.857143,-1.01745,2.4,0.12,7500,2000,2,4,1,6
Kalibr,5,1,7940.7,5444.75,7762.15,5411.52,0.820322,0.571902,751.33,-318.14,0.920849,-0.38992,857.5,0.453429,-0.400545,1.2,0.45,9000,5000,1,2,0.75,6
Kalibr,1,1,2551.88,5717.14,2435.96,5838.98,0.385026,0.922906,-30.461,-815.025,-0.0373483,-0.999302,857.5,0.453429,-1.60815,1.2,0.45,2500,4000,0,1,0.75,6.1
Kalibr,2,1,3694.52,5557.18,3628.25,5383.73,0.558862,0.829261,-492.9,-649.891,-0.604292,-0.796763,857.5,0.453429,-2.21967,1.2,0.45,2500,4000,0,1,0.75,6.1
Geran2,3,0,6166.88,7456.98,6326.43,7395.33,0.650055,0.759887,307.007,-266.247,0.755476,-0.655176,416.667,9.57307e-009,-0.714416,2.8,1.1,9000,5000,1,1,0.5,6.1
Kinzhal,4,2,6915.53,2946.17,6985.98,2836.86,0.926522,0.376242,612.456,-991.472,0.52554,-0.850769,1250,0.857143,-1.01745,2.4,0.12,7500,2000,2,4,1,6.1
Kalibr,5,1,8015.84,5412.97,8011.28,5410.03,0.828733,0.559644,751.445,-317.864,0.920992,-0.389582,857.5,0.453429,-0.400178,1.2,0.45,9000,5000,1,2,0.75,6.1
Kalibr,1,1,2548.9,5635.63,2653.29,5668.19,0.423953,0.905684,-29.7595,-815.077,-0.036487,-0.999334,857.5,0.453429,-1.60729,1.2,0.45,2500,4000,0,1,0.75,6.2
Kalibr,2,1,3645.19,5492.23,3643.39,5623.07,0.54377,0.839234,-493.341,-649.582,-0.604818,-0.796363,857.5,0.453429,-2.22033,1.2,0.45,2500,4000,0,1,0.75,6.2
Geran2,3,0,6197.58,7430.36,6311.21,7537.37,0.641988,0.766715,307.005,-266.246,0.755476,-0.655176,416.667,9.57307e-009,-0.714416,2.8,1.1,9000,5000,1,1,0.5,6.2
Kinzhal,4,2,6976.77,2847.02,6935.44,2892.47,0.922949,0.384922,612.445,-991.454,0.52554,-0.850769,1250,0.857143,-1.01745,2.4,0.12,7500,2000,2,4,1,6.2
Kalibr,5,1,8091,5381.21,8150.97,5256.04,0.840421,0.541934,751.554,-317.602,0.921127,-0.389263,857.5,0.453429,-0.399831,1.2,0.45,9000,5000,1,2,0.75,6.2
Kalibr,1,1,2545.99,5554.12,2569.91,5562.17,0.419428,0.907789,-29.1117,-815.124,-0.0356917,-0.999363,857.5,0.453429,-1.6065,1.2,0.45,2500,4000,0,1,0.75,6.3
Kalibr,2,1,3595.82,5427.3,3505.17,5431.57,0.542229,0.840231,-493.746,-649.297,-0.605301,-0.795997,857.5,0.453429,-2.22094,1.2,0.45,2500,4000,0,1,0.75,6.3
Geran2,3,0,6228.28,7403.73,6404.49,7459.27,0.651426,0.758712,307.003,-266.244,0.755476,-0.655176,416.667,9.57307e-009,-0.714416,2.8,1.1,9000,5000,1,1,0.5,6.3
Kinzhal,4,2,7038.02,2747.88,6954.6,2867.17,0.924514,0.381148,612.435,-991.437,0.52554,-0.850769,1250,0.857143,-1.01745,2.4,0.12,7500,2000,2,4,1,6.3
Kalibr,5,1,8166.16,5349.47,8031.83,5204.25,0.839227,0.543781,751.658,-317.354,0.921255,-0.388958,857.5,0.453429,-0.399501,1.2,0.45,9000,5000,1,2,0.75,6.3
Kalibr,1,1,2543.14,5472.61,2575.15,5557.36,0.420432,0.907324,-28.512,-815.167,-0.0349555,-0.999389,857.5,0.453429,-1.60576,1.2,0.45,2500,4000,0,1,0.75,6.4
Kalibr,2,1,3546.4,5362.39,3483.49,5416.7,0.540904,0.841085,-494.118,-649.035,-0.605744,-0.795659,857.5,0.453429,-2.2215,1.2,0.45,2500,4000,0,1,0.75,6.4
Geran2,3,0,6258.98,7377.11,6210.38,7115.45,0.657567,0.753396,307.002,-266.243,0.755476,-0.655176,416.667,9.57307e-009,-0.714416,2.8,1.1,9000,5000,1,1,0.5,6.4
Kinzhal,4,2,7099.26,2648.74,7140.51,2765.79,0.932492,0.36119,612.425,-991.422,0.52554,-0.850769,1250,0.857143,-1.01745,2.4,0.12,7500,2000,2,4,1,6.4
Kalibr,5,1,8241.34,5317.76,8320.98,5420.73,0.837887,0.545844,751.758,-317.115,0.921378,-0.388667,857.5,0.453429,-0.399184,1.2,0.45,9000,5000,1,2,0.75,6.4
Kalibr,1,1,2540.35,5391.09,2595.57,5268.52,0.441936,0.897046,-27.9553,-815.207,-0.0342721,-0.999413,857.5,0.453429,-1.60508,1.2,0.45,2500,4000,0,1,0.75,6.5
Kalibr,2,1,3496.96,5297.51,3624.93,5237,0.569137,0.822243,-494.46,-648.794,-0.606153,-0.795348,857.5,0.453429,-2.22201,1.2,0.45,2500,4000,0,1,0.75,6.5
Geran2,3,0,6289.68,7350.49,6215.12,7208.33,0.653002,0.757356,307,-266.242,0.755476,-0.655176,416.667,9.57307e-009,-0.714416,2.8,1.1,9000,5000,1,1,0.5,6.5
Kinzhal,4,2,7160.5,2549.6,7075.37,2521.7,0.941962,0.33572,612.417,-991.409,0.52554,-0.850769,1250,0.857143,-1.01745,2.4,0.12,7500,2000,2,4,1,6.5
Kalibr,5,1,8316.52,5286.07,8375.95,5232.88,0.848093,0.529847,751.854,-316.884,0.921497,-0.388384,857.5,0.453429,-0.398878,1.2,0.45,9000,5000,1,2,0.75,6.5
Kalibr,1,1,2537.6,5309.56,2391.27,5380.57,0.406125,0.913818,-27.4369,-815.243,-0.0336358,-0.999434,857.5,0.453429,-1.60444,1.2,0.45,2500,4000,0,1,0.75,6.6
Kalibr,2,1,3447.48,5232.66,3646.86,5198.51,0.574297,0.818647,-494.776,-648.57,-0.60653,-0.795061,857.5,0.453429,-2.22248,1.2,0.45,2500,4000,0,1,0.75,6.6
Geran2,3,0,6320.38,7323.86,6281.48,7401.01,0.647087,0.762416,306.999,-266.241,0.755476,-0.655176,416.667,9.57307e-009,-0.714416,2.8,1.1,9000,5000,1,1,0.5,6.6
Kinzhal,4,2,7221.74,2450.46,7171.48,2423.16,0.947381,0.320109,612.409,-991.396,0.52554,-0.850769,1250,0.857143,-1.01745,2.4,0.12,7500,2000,2,4,1,6.6
Kalibr,5,1,8391.72,5254.4,8339.18,5203.49,0.848387,0.529377,751.948,-316.659,0.921614,-0.388109,857.5,0.453429,-0.398579,1.2,0.45,9000,5000,1,2,0.75,6.6
Kalibr,1,1,2534.91,5228.03,2669.62,5364.2,0.445547,0.895259,-26.9525,-815.275,-0.0330414,-0.999454,857.5,0.453429,-1.60384,1.2,0.45,2500,4000,0,1,0.75,6.7
Kalibr,2,1,3397.97,5167.82,3233.7,5268.35,0.523116,0.852261,-495.068,-648.363,-0.606879,-0.794795,857.5,0.453429,-2.22292,1.2,0.45,2500,4000,0,1,0.75,6.7
Geran2,3,0,6351.08,7297.24,6391.29,7339.08,0.656734,0.754123,306.998,-266.24,0.755476,-0.655176,416.667,9.57307e-009,-0.714416,2.8,1.1,9000,5000,1,1,0.5,6.7
Kinzhal,4,2,7282.98,2351.32,7271.05,2435.5,0.94822,0.317614,612.402,-991.385,0.52554,-0.850769,1250,0.857143,-1.01745,2.4,0.12,7500,2000,2,4,1,6.7
Kalibr,5,1,8466.92,5222.76,8438.29,5179.96,0.852236,0.523157,752.04,-316.437,0.921728,-0.387836,857.5,0.453429,-0.398283,1.2,0.45,9000,5000,1,2,0.75,6.7
Kalibr,1,1,2532.26,5146.5,2481.31,5249.36,0.42735,0.904086,-26.4982,-815.306,-0.0324838,-0.999472,857.5,0.453429,-1.60329,1.2,0.45,2500,4000,0,1,0.75,6.8
Kalibr,2,1,3348.44,5103,3450.52,4997.73,0.568158,0.822919,-495.34,-648.171,-0.607202,-0.794547,857.5,0.453429,-2.22333,1.2,0.45,2500,4000,0,1,0.75,6.8
Geran2,3,0,6381.78,7270.61,6489.96,7244.9,0.667234,0.744848,306.997,-266.239,0.755476,-0.655176,416.667,9.57307e-009,-0.714416,2.8,1.1,9000,5000,1,1,0.5,6.8
Kinzhal,4,2,7344.22,2252.18,7362.57,2346,0.9528,0.303599,612.396,-991.375,0.52554,-0.850769,1250,0.857143,-1.01745,2.4,0.12,7500,2000,2,4,1,6.8
Kalibr,5,1,8542.13,5191.14,8415.66,5253.34,0.84829,0.529531,752.134,-316.213,0.921843,-0.387563,857.5,0.453429,-0.397986,1.2,0.45,9000,5000,1,2,0.75,6.8
Kalibr,1,1,2529.65,5064.97,2419.08,5075.94,0.430219,0.902725,-26.0702,-815.333,-0.0319585,-0.999489,857.5,0.453429,-1.60276,1.2,0.45,2500,4000,0,1,0.75,6.9
Kalibr,2,1,3298.88,5038.2,3416.81,4914.35,0.570854,0.821051,-495.592,-647.991,-0.607503,-0.794317,857.5,0.453429,-2.22371,1.2,0.45,2500,4000,0,1,0.75,6.9
Geran2,3,0,6412.48,7243.99,6472.82,7304.19,0.66323,0.748416,306.996,-266.238,0.755476,-0.655176,416.667,9.57307e-009,-0.714416,2.8,1.1,9000,5000,1,1,0.5,6.9
Kinzhal,4,2,7405.46,2153.04,7543.45,2157.58,0.961446,0.274994,612.391,-991.366,0.52554,-0.850769,1250,0.857143,-1.01745,2.4,0.12,7500,2000,2,4,1,6.9
Kalibr,5,1,8617.36,5159.54,8657.36,5219.86,0.85638,0.516345,752.229,-315.984,0.921961,-0.387283,857.5,0.453429,-0.397682,1.2,0.45,9000,5000,1,2,0.75,6.9
Kalibr,1,1,2527.08,4983.43,2537.04,4992.02,0.453066,0.891477,-25.6648,-815.359,-0.0314612,-0.999505,857.5,0.453429,-1.60226,1.2,0.45,2500,4000,0,1,0.75,7
Kalibr,2,1,3249.3,4973.42,3131.8,5007.87,0.530228,0.847855,-495.827,-647.823,-0.607785,-0.794102,857.5,0.453429,-2.22406,1.2,0.45,2500,4000,0,1,0.75,7
Geran2,3,0,6443.18,7217.37,6372.85,7157.61,0.664977,0.746864,306.995,-266.237,0.755476,-0.655176,416.667,9.57307e-009,-0.714416,2.8,1.1,9000,5000,1,1,0.5,7
Kinzhal,4,2,7466.7,2053.91,7274.95,1985.28,0.964723,0.263265,612.385,-991.358,0.52554,-0.850769,1250,0.857143,-1.01745,2.4,0.12,7500,2000,2,4,1,7
Kalibr,5,1,8692.59,5127.97,8693.3,4990.27,0.867267,0.497842,752.33,-315.744,0.922085,-0.386988,857.5,0.453429,-0.397363,1.2,0.45,9000,5000,1,2,0.75,7
Kalibr,1,1,2524.56,4901.9,2546.82,4848.01,0.465064,0.885277,-25.2788,-815.382,-0.0309875,-0.99952,857.5,0.453429,-1.60179,1.2,0.45,2500,4000,0,1,0.75,7.1
Kalibr,2,1,3199.69,4908.65,3174.98,4911.02,0.542921,0.839784,-496.048,-647.666,-0.608049,-0.7939,857.5,0.453429,-2.2244,1.2,0.45,2500,4000,0,1,0.75,7.1
Geran2,3,0,6473.88,7190.74,6544.58,7139.74,0.675714,0.737164,306.994,-266.237,0.755476,-0.655176,416.667,9.57307e-009,-0.714416,2.8,1.1,9000,5000,1,1,0.5,7.1
Kalibr,5,1,8767.83,5096.42,8724.24,5125.59,0.862207,0.506556,752.44,-315.48,0.92222,-0.386665,857.5,0.453429,-0.397012,1.2,0.45,9000,5000,1,2,0.75,7.1
Kalibr,1,1,2522.06,4820.36,2508.23,4775.98,0.464957,0.885334,-24.9085,-815.404,-0.0305332,-0.999534,857.5,0.453429,-1.60133,1.2,0.45,2500,4000,0,1,0.75,7.2
Kalibr,2,1,3150.07,4843.9,3205.07,4845.44,0.55169,0.834049,-496.255,-647.517,-0.608297,-0.793709,857.5,0.453429,-2.22471,1.2,0.45,2500,4000,0,1,0.75,7.2
Geran2,3,0,6504.58,7164.12,6372.85,7196.63,0.662959,0.748656,306.993,-266.236,0.755476,-0.655176,416.667,9.57307e-009,-0.714416,2.8,1.1,9000,5000,1,1,0.5,7.2
Kalibr,5,1,8843.09,5064.9,8899.53,4904.3,0.875819,0.48264,752.568,-315.173,0.922378,-0.386289,857.5,0.453429,-0.396605,1.2,0.45,9000,5000,1,2,0.75,7.2
Kalibr,1,1,2519.61,4738.81,2538.75,4650.73,0.479142,0.877738,-24.5504,-815.425,-0.0300939,-0.999547,857.5,0.453429,-1.60089,1.2,0.45,2500,4000,0,1,0.75,7.3
Kalibr,2,1,3100.42,4779.17,3037.96,4754.83,0.538409,0.842684,-496.452,-647.375,-0.608532,-0.793529,857.5,0.453429,-2.22501,1.2,0.45,2500,4000,0,1,0.75,7.3
Geran2,3,0,6535.28,7137.5,6355.3,7133.58,0.665202,0.746664,306.993,-266.235,0.755476,-0.655176,416.667,9.57307e-009,-0.714416,2.8,1.1,9000,5000,1,1,0.5,7.3
Kalibr,5,1,8918.36,5033.42,8760.1,5013.8,0.8679,0.496739,752.734,-314.773,0.922583,-0.385799,857.5,0.453429,-0.396074,1.2,0.45,9000,5000,1,2,0.75,7.3
Kalibr,1,1,2517.19,4657.27,2516.39,4566.59,0.482621,0.87583,-24.2007,-815.444,-0.0296648,-0.99956,857.5,0.453429,-1.60047,1.2,0.45,2500,4000,0,1,0.75,7.4
Kalibr,2,1,3050.76,4714.44,2797.29,4771.25,0.505766,0.862671,-496.639,-647.241,-0.608756,-0.793357,857.5,0.453429,-2.22529,1.2,0.45,2500,4000,0,1,0.75,7.4
Geran2,3,0,6565.98,7110.87,6513.05,7283.16,0.666598,0.745417,306.992,-266.235,0.755476,-0.655176,416.667,9.57307e-009,-0.714416,2.8,1.1,9000,5000,1,1,0.5,7.4
Kalibr,1,1,2514.8,4575.72,2358.31,4537.77,0.461148,0.887323,-23.8549,-815.462,-0.0292407,-0.999572,857.5,0.453429,-1.60004,1.2,0.45,2500,4000,0,1,0.75,7.5
Kalibr,2,1,3001.08,4649.73,2835.73,4524.31,0.531082,0.847321,-496.818,-647.111,-0.608971,-0.793192,857.5,0.453429,-2.22556,1.2,0.45,2500,4000,0,1,0.75,7.5
Geran2,3,0,6596.68,7084.25,6699.56,7088.41,0.686891,0.72676,306.992,-266.234,0.755476,-0.655176,416.667,9.57307e-009,-0.714416,2.8,1.1,9000,5000,1,1,0.5,7.5
Kalibr,1,1,2512.45,4494.17,2536.5,4484.98,0.492279,0.870437,-23.5076,-815.48,-0.0288148,-0.999585,857.5,0.453429,-1.59962,1.2,0.45,2500,4000,0,1,0.75,7.6
Kalibr,2,1,2951.38,4585.03,3016.24,4700.82,0.540034,0.841643,-496.99,-646.985,-0.609179,-0.793033,857.5,0.453429,-2.22582,1.2,0.45,2500,4000,0,1,0.75,7.6
Geran2,3,0,6627.38,7057.62,6675.05,7136.96,0.683077,0.730346,306.991,-266.234,0.755476,-0.655176,416.667,9.57307e-009,-0.714416,2.8,1.1,9000,5000,1,1,0.5,7.6
Kalibr,1,1,2510.14,4412.62,2643.14,4386.5,0.516109,0.856523,-23.1517,-815.497,-0.0283783,-0.999597,857.5,0.453429,-1.59918,1.2,0.45,2500,4000,0,1,0.75,7.7
Kalibr,2,1,2901.66,4520.35,3050.87,4436.79,0.566601,0.823992,-497.159,-646.862,-0.609382,-0.792877,857.5,0.453429,-2.22608,1.2,0.45,2500,4000,0,1,0.75,7.7
Geran2,3,0,6658.08,7031,6538.11,7074.13,0.678737,0.734382,306.991,-266.233,0.755476,-0.655176,416.667,9.57307e-009,-0.714416,2.8,1.1,9000,5000,1,1,0.5,7.7
Kalibr,1,1,2507.86,4331.07,2487.42,4339.33,0.497315,0.86757,-22.7769,-815.513,-0.0279186,-0.99961,857.5,0.453429,-1.59872,1.2,0.45,2500,4000,0,1,0.75,7.8
Kalibr,2,1,2851.93,4455.67,2694.52,4405.99,0.521727,0.853112,-497.325,-646.74,-0.609582,-0.792723,857.5,0.453429,-2.22633,1.2,0.45,2500,4000,0,1,0.75,7.8
Geran2,3,0,6688.77,7004.38,6459.37,6947.89,0.68089,0.732386,306.99,-266.233,0.755476,-0.655176,416.667,9.57307e-009,-0.714416,2.8,1.1,9000,5000,1,1,0.5,7.8
Kalibr,1,1,2505.62,4249.52,2558.55,4247.54,0.515981,0.8566,-22.3659,-815.53,-0.0274147,-0.999624,857.5,0.453429,-1.59821,1.2,0.45,2500,4000,0,1,0.75,7.9
Kalibr,2,1,2802.18,4391.01,2965.72,4376.93,0.560939,0.827857,-497.492,-646.617,-0.609783,-0.792568,857.5,0.453429,-2.22658,1.2,0.45,2500,4000,0,1,0.75,7.9
Geran2,3,0,6719.47,6977.75,6740.73,6973.05,0.695028,0.718982,306.99,-266.233,0.755476,-0.655176,416.667,9.57307e-009,-0.714416,2.8,1.1,9000,5000,1,1,0.5,7.9
Kalibr,1,1,2503.44,4167.97,2656.95,4150.25,0.539167,0.842199,-21.8863,-815.548,-0.0268266,-0.99964,857.5,0.453429,-1.59763,1.2,0.45,2500,4000,0,1,0.75,8
Kalibr,2,1,2752.41,4326.36,2960.82,4456.6,0.553374,0.832933,-497.662,-646.491,-0.609989,-0.79241,857.5,0.453429,-2.22684,1.2,0.45,2500,4000,0,1,0.75,8
Geran2,3,0,6750.17,6951.13,6862.11,7042.63,0.697868,0.716226,306.989,-266.232,0.755476,-0.655176,416.667,9.57307e-009,-0.714416,2.8,1.1,9000,5000,1,1,0.5,8
Kalibr,1,1,2501.31,4086.41,2440.22,3967.92,0.523853,0.851809,-21.2594,-815.569,-0.0260581,-0.99966,857.5,0.453429,-1.59686,1.2,0.45,2500,4000,0,1,0.75,8.1
Kalibr,2,1,2702.63,4261.73,2850.34,4146.25,0.566501,0.824061,-497.842,-646.357,-0.610206,-0.792243,857.5,0.453429,-2.22712,1.2,0.45,2500,4000,0,1,0.75,8.1
Geran2,3,0,6780.87,6924.51,6802.43,6991.72,0.697338,0.716742,306.989,-266.232,0.755476,-0.655176,416.667,9.57307e-009,-0.714416,2.8,1.1,9000,5000,1,1,0.5,8.1
Kalibr,2,1,2652.83,4197.1,2681.26,4197.6,0.538313,0.842745,-498.038,-646.21,-0.610444,-0.792059,857.5,0.453429,-2.22742,1.2,0.45,2500,4000,0,1,0.75,8.2
Geran2,3,0,6811.57,6897.89,6803.49,6900.81,0.702068,0.71211,306.989,-266.232,0.755476,-0.655176,416.667,9.57307e-009,-0.714416,2.8,1.1,9000,5000,1,1,0.5,8.2
Kalibr,2,1,2603,4132.5,2696.51,4116.64,0.547941,0.836517,-498.266,-646.038,-0.610722,-0.791845,857.5,0.453429,-2.22777,1.2,0.45,2500,4000,0,1,0.75,8.3
Geran2,3,0,6842.27,6871.26,6878.32,7033.35,0.699183,0.714942,306.988,-266.231,0.755476,-0.655176,416.667,9.57307e-009,-0.714416,2.8,1.1,9000,5000,1,1,0.5,8.3
Kalibr,2,1,2553.14,4067.92,2446.05,4061.37,0.515927,0.856633,-498.564,-645.812,-0.611085,-0.791565,857.5,0.453429,-2.22823,1.2,0.45,2500,4000,0,1,0.75,8.4
Geran2,3,0,6872.97,6844.64,6791.39,6872.12,0.702917,0.711272,306.988,-266.231,0.755476,-0.655176,416.667,9.57307e-009,-0.714416,2.8,1.1,9000,5000,1,1,0.5,8.4
Geran2,3,0,6903.67,6818.02,6901.67,6765.57,0.714113,0.700031,306.988,-266.231,0.755476,-0.655176,416.667,9.57307e-009,-0.714416,2.8,1.1,9000,5000,1,1,0.5,8.5
Geran2,3,0,6934.36,6791.39,6987.23,6842.58,0.714464,0.699673,306.988,-266.231,0.755476,-0.655176,416.667,9.57307e-009,-0.714416,2.8,1.1,9000,5000,1,1,0.5,8.6
Geran2,3,0,6965.06,6764.77,7025.09,6765.05,0.720313,0.69365,306.988,-266.231,0.755476,-0.655176,416.667,9.57307e-009,-0.714416,2.8,1.1,9000,5000,1,1,0.5,8.7
Geran2,3,0,6995.76,6738.15,6994,6757.52,0.719161,0.694844,306.987,-266.231,0.755476,-0.655176,416.667,9.57307e-009,-0.714416,2.8,1.1,9000,5000,1,1,0.5,8.8
Geran2,3,0,7026.46,6711.52,7091.79,6539.15,0.735171,0.677881,306.987,-266.23,0.755476,-0.655176,416.667,9.57307e-009,-0.714416,2.8,1.1,9000,5000,1,1,0.5,8.9
Geran2,3,0,7057.16,6684.9,7029.39,6800.75,0.718698,0.695322,306.987,-266.23,0.755476,-0.655176,416.667,9.57307e-009,-0.714416,2.8,1.1,9000,5000,1,1,0.5,9
Geran2,3,0,7087.86,6658.28,7137.92,6668.98,0.730702,0.682697,306.987,-266.23,0.755476,-0.655176,416.667,9.57307e-009,-0.714416,2.8,1.1,9000,5000,1,1,0.5,9.1
Geran2,3,0,7118.56,6631.66,7162.48,6639.36,0.733381,0.679817,306.987,-266.23,0.755476,-0.655176,416.667,9.57307e-009,-0.714416,2.8,1.1,9000,5000,1,1,0.5,9.2
Geran2,3,0,7149.26,6605.03,7166.67,6794.59,0.725694,0.688018,306.987,-266.23,0.755476,-0.655176,416.667,9.57307e-009,-0.714416,2.8,1.1,9000,5000,1,1,0.5,9.3
Geran2,3,0,7179.95,6578.41,7247.38,6700.13,0.734286,0.67884,306.987,-266.23,0.755476,-0.655176,416.667,9.57307e-009,-0.714416,2.8,1.1,9000,5000,1,1,0.5,9.4
Geran2,3,0,7210.65,6551.79,7295.17,6673.66,0.737838,0.674978,306.986,-266.23,0.755476,-0.655176,416.667,9.57307e-009,-0.714416,2.8,1.1,9000,5000,1,1,0.5,9.5
Geran2,3,0,7241.35,6525.16,7076.06,6611.87,0.730666,0.682735,306.986,-266.23,0.755476,-0.655176,416.667,9.57307e-009,-0.714416,2.8,1.1,9000,5000,1,1,0.5,9.6
Geran2,3,0,7272.05,6498.54,7239.08,6584.91,0.73974,0.672893,306.986,-266.23,0.755476,-0.655176,416.667,9.57307e-009,-0.714416,2.8,1.1,9000,5000,1,1,0.5,9.7
Geran2,3,0,7302.75,6471.92,7207.62,6505.59,0.742334,0.67003,306.986,-266.23,0.755476,-0.655176,416.667,9.57307e-009,-0.714416,2.8,1.1,9000,5000,1,1,0.5,9.8
Geran2,3,0,7333.45,6445.29,7218.93,6462.76,0.745051,0.667008,306.986,-266.229,0.755476,-0.655176,416.667,9.57307e-009,-0.714416,2.8,1.1,9000,5000,1,1,0.5,9.9
Geran2,3,0,7364.15,6418.67,7286.53,6457.84,0.748381,0.663269,306.986,-266.229,0.755476,-0.655176,416.667,9.57307e-009,-0.714416,2.8,1.1,9000,5000,1,1,0.5,10
Geran2,3,0,7394.85,6392.05,7387.89,6471.43,0.752222,0.65891,306.986,-266.229,0.755476,-0.655176,416.667,9.57307e-009,-0.714416,2.8,1.1,9000,5000,1,1,0.5,10.1
Geran2,3,0,7425.54,6365.42,7468.67,6375.84,0.760557,0.649271,306.986,-266.229,0.755476,-0.655176,416.667,9.57307e-009,-0.714416,2.8,1.1,9000,5000,1,1,0.5,10.2
Geran2,3,0,7456.24,6338.8,7536.41,6209.66,0.771769,0.635903,306.986,-266.229,0.755476,-0.655176,416.667,9.57307e-009,-0.714416,2.8,1.1,9000,5000,1,1,0.5,10.3
Geran2,3,0,7486.94,6312.18,7373.84,6437.29,0.753327,0.657646,306.986,-266.229,0.755476,-0.655176,416.667,9.57307e-009,-0.714416,2.8,1.1,9000,5000,1,1,0.5,10.4
Geran2,3,0,7517.64,6285.56,7452.23,6270.17,0.765184,0.643812,306.986,-266.229,0.755476,-0.655176,416.667,9.57307e-009,-0.714416,2.8,1.1,9000,5000,1,1,0.5,10.5
Geran2,3,0,7548.34,6258.93,7593.63,6169.29,0.776141,0.63056,306.986,-266.229,0.755476,-0.655176,416.667,9.57307e-009,-0.714416,2.8,1.1,9000,5000,1,1,0.5,10.6
Geran2,3,0,7579.04,6232.31,7544.04,6291.7,0.767971,0.640485,306.986,-266.229,0.755476,-0.655176,416.667,9.57307e-009,-0.714416,2.8,1.1,9000,5000,1,1,0.5,10.7
Geran2,3,0,7609.74,6205.69,7593.17,6170.47,0.776063,0.630655,306.986,-266.229,0.755476,-0.655176,416.667,9.57307e-009,-0.714416,2.8,1.1,9000,5000,1,1,0.5,10.8
Geran2,3,0,7640.44,6179.06,7697.95,6190.84,0.779263,0.626698,306.986,-266.229,0.755476,-0.655176,416.667,9.57307e-009,-0.714416,2.8,1.1,9000,5000,1,1,0.5,10.9
Geran2,3,0,7671.13,6152.44,7599.87,6170.72,0.776323,0.630336,306.986,-266.229,0.755476,-0.655176,416.667,9.57307e-009,-0.714416,2.8,1.1,9000,5000,1,1,0.5,11
Geran2,3,0,7701.83,6125.82,7915.08,6225.17,0.78602,0.618201,306.986,-266.229,0.755476,-0.655176,416.667,9.57307e-009,-0.714416,2.8,1.1,9000,5000,1,1,0.5,11.1
Geran2,3,0,7732.53,6099.19,7720.54,6089.29,0.785173,0.619277,306.986,-266.229,0.755476,-0.655176,416.667,9.57307e-009,-0.714416,2.8,1.1,9000,5000,1,1,0.5,11.2
Geran2,3,0,7763.23,6072.57,7818.08,6263.7,0.780419,0.625257,306.986,-266.229,0.755476,-0.655176,416.667,9.57307e-009,-0.714416,2.8,1.1,9000,5000,1,1,0.5,11.3
Geran2,3,0,7793.93,6045.95,7860.57,6044.28,0.792737,0.609564,306.986,-266.229,0.755476,-0.655176,416.667,9.57307e-009,-0.714416,2.8,1.1,9000,5000,1,1,0.5,11.4
Geran2,3,0,7824.63,6019.33,7743.1,6155.94,0.782766,0.622316,306.985,-266.229,0.755476,-0.655176,416.667,9.57307e-009,-0.714416,2.8,1.1,9000,5000,1,1,0.5,11.5
Geran2,3,0,7855.33,5992.7,7774.08,6047.28,0.789314,0.61399,306.985,-266.229,0.755476,-0.655176,416.667,9.57307e-009,-0.714416,2.8,1.1,9000,5000,1,1,0.5,11.6
Geran2,3,0,7886.03,5966.08,7967.11,5925.78,0.802389,0.596801,306.985,-266.229,0.755476,-0.655176,416.667,9.57307e-009,-0.714416,2.8,1.1,9000,5000,1,1,0.5,11.7
Geran2,3,0,7916.72,5939.46,7885.67,6125.31,0.78974,0.613442,306.985,-266.229,0.755476,-0.655176,416.667,9.57307e-009,-0.714416,2.8,1.1,9000,5000,1,1,0.5,11.8
Geran2,3,0,7947.42,5912.83,7916.32,5953.31,0.799221,0.601038,306.985,-266.229,0.755476,-0.655176,416.667,9.57307e-009,-0.714416,2.8,1.1,9000,5000,1,1,0.5,11.9
Geran2,3,0,7978.12,5886.21,7971.32,5906.5,0.803469,0.595346,306.985,-266.229,0.755476,-0.655176,416.667,9.57307e-009,-0.714416,2.8,1.1,9000,5000,1,1,0.5,12
Geran2,3,0,8008.82,5859.59,8088.14,5725.72,0.816185,0.57779,306.985,-266.229,0.755476,-0.655176,416.667,9.57307e-009,-0.714416,2.8,1.1,9000,5000,1,1,0.5,12.1
Geran2,3,0,8039.52,5832.96,7988.62,5782.16,0.810072,0.58633,306.985,-266.229,0.755476,-0.655176,416.667,9.57307e-009,-0.714416,2.8,1.1,9000,5000,1,1,0.5,12.2
Geran2,3,0,8070.22,5806.34,7924.51,5733.26,0.810193,0.586163,306.985,-266.229,0.755476,-0.655176,416.667,9.57307e-009,-0.714416,2.8,1.1,9000,5000,1,1,0.5,12.3
Geran2,3,0,8100.92,5779.72,8025.25,5671.97,0.816628,0.577165,306.985,-266.229,0.755476,-0.655176,416.667,9.57307e-009,-0.714416,2.8,1.1,9000,5000,1,1,0.5,12.4
Geran2,3,0,8131.62,5753.09,8200.33,5779.14,0.817406,0.576062,306.985,-266.229,0.755476,-0.655176,416.667,9.57307e-009,-0.714416,2.8,1.1,9000,5000,1,1,0.5,12.5
Geran2,3,0,8162.31,5726.47,7944.7,5879.59,0.803817,0.594876,306.985,-266.229,0.755476,-0.655176,416.667,9.57307e-009,-0.714416,2.8,1.1,9000,5000,1,1,0.5,12.6
Geran2,3,0,8193.01,5699.85,7999.44,5805.15,0.809343,0.587336,306.985,-266.229,0.755476,-0.655176,416.667,9.57307e-009,-0.714416,2.8,1.1,9000,5000,1,1,0.5,12.7
Geran2,3,0,8223.71,5673.23,8172.98,5654.72,0.822357,0.568972,306.985,-266.229,0.755476,-0.655176,416.667,9.57307e-009,-0.714416,2.8,1.1,9000,5000,1,1,0.5,12.8
Geran2,3,0,8254.41,5646.6,8050.74,5634.95,0.819259,0.573424,306.985,-266.229,0.755476,-0.655176,416.667,9.57307e-009,-0.714416,2.8,1.1,9000,5000,1,1,0.5,12.9
Geran2,3,0,8285.11,5619.98,8340.74,5764.38,0.822653,0.568544,306.986,-266.229,0.755476,-0.655176,416.667,9.57307e-009,-0.714416,2.8,1.1,9000,5000,1,1,0.5,13
Geran2,3,0,8315.81,5593.36,8233.06,5532.68,0.829999,0.557765,306.986,-266.229,0.755476,-0.655176,416.667,9.57307e-009,-0.714415,2.8,1.1,9000,5000,1,1,0.5,13.1
Geran2,3,0,8346.5,5566.73,8480.96,5583.6,0.835235,0.549893,306.986,-266.229,0.755477,-0.655176,416.667,9.57307e-009,-0.714415,2.8,1.1,9000,5000,1,1,0.5,13.2
Geran2,3,0,8377.2,5540.11,8300.04,5499.92,0.833597,0.552373,306.986,-266.229,0.755477,-0.655175,416.667,9.57307e-009,-0.714415,2.8,1.1,9000,5000,1,1,0.5,13.3
Geran2,3,0,8407.9,5513.49,8473.74,5471.6,0.840086,0.542453,306.986,-266.228,0.755477,-0.655175,416.667,9.57307e-009,-0.714414,2.8,1.1,9000,5000,1,1,0.5,13.4
Geran2,3,0,8438.6,5486.86,8488.03,5355.69,0.845721,0.533624,306.986,-266.228,0.755477,-0.655175,416.667,9.57307e-009,-0.714414,2.8,1.1,9000,5000,1,1,0.5,13.5
Geran2,3,0,8469.3,5460.24,8307.77,5470.39,0.835198,0.54995,306.986,-266.228,0.755478,-0.655175,416.667,9.57307e-009,-0.714414,2.8,1.1,9000,5000,1,1,0.5,13.6
Geran2,3,0,8500,5433.62,8439.6,5422.45,0.841315,0.540546,306.986,-266.228,0.755478,-0.655174,416.667,9.57307e-009,-0.714413,2.8,1.1,9000,5000,1,1,0.5,13.7
Geran2,3,0,8530.69,5407,8455.14,5428.27,0.841503,0.540252,306.986,-266.228,0.755478,-0.655174,416.667,9.57307e-009,-0.714413,2.8,1.1,9000,5000,1,1,0.5,13.8
Geran2,3,0,8561.39,5380.37,8646.34,5546.57,0.8417,0.539945,306.986,-266.228,0.755479,-0.655173,416.667,9.57307e-009,-0.714412,2.8,1.1,9000,5000,1,1,0.5,13.9
Geran2,3,0,8592.09,5353.75,8516.89,5549.71,0.837826,0.545938,306.986,-266.228,0.755479,-0.655173,416.667,9.57307e-009,-0.714412,2.8,1.1,9000,5000,1,1,0.5,14
Geran2,3,0,8622.79,5327.13,8481.1,5342.68,0.84611,0.533008,306.987,-266.227,0.755479,-0.655173,416.667,9.57307e-009,-0.714411,2.8,1.1,9000,5000,1,1,0.5,14.1
Geran2,3,0,8653.49,5300.51,8864.21,5257.32,0.860102,0.510122,306.987,-266.227,0.755479,-0.655173,416.667,9.57307e-009,-0.714411,2.8,1.1,9000,5000,1,1,0.5,14.2
Geran2,3,0,8684.18,5273.88,8617.78,5148.83,0.858451,0.512896,306.987,-266.227,0.75548,-0.655172,416.667,9.57307e-009,-0.714411,2.8,1.1,9000,5000,1,1,0.5,14.3
Geran2,3,0,8714.88,5247.26,8700.62,5238.4,0.856709,0.5158,306.987,-266.227,0.75548,-0.655172,416.667,9.57307e-009,-0.71441,2.8,1.1,9000,5000,1,1,0.5,14.4
Geran2,3,0,8745.58,5220.64,8850.41,5112.64,0.865904,0.50021,306.987,-266.227,0.75548,-0.655172,416.667,9.57307e-009,-0.71441,2.8,1.1,9000,5000,1,1,0.5,14.5
Geran2,3,0,8776.28,5194.02,8703.65,4916.89,0.870673,0.491863,306.987,-266.227,0.75548,-0.655171,416.667,9.57307e-009,-0.714409,2.8,1.1,9000,5000,1,1,0.5,14.6
Geran2,3,0,8806.98,5167.39,8863.83,5214.24,0.861925,0.507036,306.987,-266.227,0.755481,-0.655171,416.667,9.57307e-009,-0.714408,2.8,1.1,9000,5000,1,1,0.5,14.7
Geran2,3,0,8837.68,5140.77,8866.94,5211.79,0.862107,0.506727,306.987,-266.227,0.755481,-0.655171,416.667,9.57307e-009,-0.714408,2.8,1.1,9000,5000,1,1,0.5,14.8
Geran2,3,0,8868.38,5114.15,8970.38,5166.09,0.866567,0.499061,306.987,-266.227,0.755481,-0.655171,416.667,9.57307e-009,-0.714409,2.8,1.1,9000,5000,1,1,0.5,14.9
Geran2,3,0,8899.07,5087.52,8974.24,5053.17,0.871361,0.490642,306.987,-266.227,0.755481,-0.655171,416.667,9.57307e-009,-0.714409,2.8,1.1,9000,5000,1,1,0.5,15
Geran2,3,0,8929.77,5060.9,8970.07,4965.76,0.874886,0.48433,306.987,-266.226,0.755481,-0.65517,416.667,9.57307e-009,-0.714408,2.8,1.1,9000,5000,1,1,0.5,15.1
