UAV_id,Px,Py,Speed,Actual_Threat,Predicted_Threat,Actual_Damage,Predicted_Damage
2,0.32629263401031494,0.22195109724998474,2.2635600544163026e-05,2,4,0.17821398377418518,0.25690048933029175
0,0.19623161852359772,0.06803833693265915,0.7930029630661011,5,5,0.8527332544326782,0.8761950135231018
1,0.005897826980799437,0.16364139318466187,0.059967268258333206,3,3,0.5833706259727478,0.6081739068031311
0,0.5674383044242859,0.71833735704422,0.9097614288330078,5,5,0.9740198254585266,0.9330095052719116
1,0.024298492819070816,0.0880187377333641,0.0432639978826046,3,3,0.7594166994094849,0.6070349216461182
1,0.4868996739387512,0.33105915784835815,0.053180623799562454,3,3,0.5021087527275085,0.6329529881477356
1,0.5672945976257324,0.5612935423851013,0.06245636194944382,5,3,0.5607441663742065,0.6421148777008057
0,0.5330577492713928,0.7226976752281189,0.7839958071708679,5,5,0.8721608519554138,0.9215080142021179
1,0.2900513708591461,0.2654034197330475,0.0573752336204052,3,3,0.7660041451454163,0.6209276914596558
1,0.5262649655342102,0.6489643454551697,0.049099065363407135,5,3,0.6801953315734863,0.6418071389198303
1,0.44311264157295227,0.20722953975200653,0.05513070896267891,5,3,0.6703100800514221,0.6284939646720886
0,0.8445716500282288,0.8492670059204102,0.9932337403297424,5,5,0.8732008337974548,0.9522808790206909
0,0.7103384733200073,0.5447673201560974,0.7885382175445557,5,5,0.9187451004981995,0.927538275718689
2,0.16512241959571838,0.01759324036538601,0.0021281540393829346,1,4,0.32111066579818726,0.2613297700881958
0,0.5075423121452332,0.8435314893722534,0.9411091804504395,5,5,0.9313355684280396,0.9345592856407166
1,0.4297543168067932,0.2806472182273865,0.05785157531499863,5,3,0.5534757375717163,0.6289790272712708
2,0.3278818428516388,0.13489635288715363,0.0032138749957084656,4,4,0.2774220407009125,0.25793400406837463
1,0.35503408312797546,0.29843249917030334,0.05589992180466652,3,3,0.7016406655311584,0.6246426105499268
2,0.23139362037181854,0.3305007219314575,0.0004833670100197196,4,4,0.2809658348560333,0.2562675178050995
1,0.5766247510910034,0.30672964453697205,0.0605020709335804,5,3,0.5186819434165955,0.6383664608001709
0,0.8731257319450378,0.1296592503786087,0.9546323418617249,5,5,0.8687230944633484,0.9357238411903381
2,0.22748450934886932,0.15473517775535583,0.00011650100350379944,2,4,0.144638791680336,0.25867465138435364
0,0.8714209794998169,0.20525279641151428,0.7956138253211975,5,5,0.8904624581336975,0.9265945553779602
2,0.015659524127840996,0.011045887134969234,0.00289630307815969,1,4,0.12162530422210693,0.2636053264141083
1,0.4206361472606659,0.586433470249176,0.06016901507973671,3,3,0.7902741432189941,0.6355475783348083
1,0.48251819610595703,0.5766534805297852,0.042992912232875824,5,3,0.577282190322876,0.6373558640480042
2,0.21391084790229797,0.09831742942333221,0.0009207489783875644,4,4,0.3650394380092621,0.2596355378627777
0,0.3995436728000641,0.09049659222364426,0.848210871219635,5,5,0.9283778667449951,0.8992717266082764
0,0.9225313663482666,0.08149750530719757,0.9748207926750183,5,5,0.932738184928894,0.9379475712776184
1,0.4286879301071167,0.5495752096176147,0.046049151569604874,5,3,0.5941182971000671,0.634191632270813
2,0.17275941371917725,0.12528692185878754,8.117290235531982e-06,4,4,0.12151356786489487,0.2597174346446991
0,0.9562878012657166,0.8279457688331604,0.925527036190033,5,5,0.8682642579078674,0.9523189067840576
1,0.14586716890335083,0.07889999449253082,0.044545091688632965,3,3,0.5725681185722351,0.6114445328712463
0,0.9495788216590881,0.37362223863601685,0.8328323364257812,5,5,0.9465999603271484,0.9372840523719788
0,0.020319107919931412,0.9734337329864502,0.964458703994751,5,5,0.8818508386611938,0.9087512493133545
0,0.40425536036491394,0.1727621704339981,0.9322394132614136,5,5,0.9019149541854858,0.9104137420654297
1,0.539419949054718,0.3061114251613617,0.04416114464402199,3,3,0.6491767764091492,0.6352291107177734
2,0.05418196693062782,0.021953243762254715,0.0024909479543566704,1,4,0.36015966534614563,0.2627090811729431
0,0.18587180972099304,0.38433414697647095,0.9879269003868103,5,5,0.8605044484138489,0.907773494720459
2,0.019127698615193367,0.3050168752670288,0.0017095640068873763,2,4,0.1281619817018509,0.25904321670532227
0,0.2705594301223755,0.8277935981750488,0.8861464858055115,5,5,0.861558735370636,0.9156602621078491
1,0.2917141616344452,0.5359212160110474,0.06585939973592758,3,3,0.5129479765892029,0.6281279921531677
2,0.11426088958978653,0.08887112140655518,0.003756358055397868,4,4,0.2634482979774475,0.2608411908149719
1,0.5585142970085144,0.6581039428710938,0.05526245757937431,3,3,0.7073665857315063,0.6438079476356506
0,0.186921626329422,0.039298322051763535,0.9078547954559326,5,5,0.9516346454620361,0.8872353434562683
1,0.28310301899909973,0.37935712933540344,0.056439630687236786,3,3,0.6237853169441223,0.6232292056083679
0,0.799403727054596,0.18272577226161957,0.9520970582962036,5,5,0.9395275115966797,0.9336520433425903
0,0.9252399206161499,0.08727250248193741,0.815312922000885,5,5,0.8567841053009033,0.9272966384887695
0,0.4425007998943329,0.19496577978134155,0.8131430745124817,5,5,0.8641054034233093,0.9027838706970215
0,0.290570467710495,0.16039271652698517,0.9872491359710693,5,5,0.9712180495262146,0.9074355363845825
2,0.18225666880607605,0.31381434202194214,0.001489875023253262,1,4,0.29544544219970703,0.2568681240081787
1,0.2424645870923996,0.5754386186599731,0.04808754846453667,5,3,0.7290817499160767,0.6262484788894653
0,0.357183039188385,0.9901285171508789,0.9113421440124512,5,5,0.8855839967727661,0.9267590045928955
0,0.8753010034561157,0.546083927154541,0.9471136927604675,5,5,0.9631161689758301,0.9451234936714172
1,0.09001512825489044,0.3225427567958832,0.04926861822605133,3,3,0.5786792039871216,0.6137627959251404
0,0.50318843126297,0.8008953928947449,0.9216972589492798,5,5,0.9552950263023376,0.9321234822273254
2,0.30071792006492615,0.12695617973804474,0.0021048139315098524,4,4,0.26285478472709656,0.25826478004455566
0,0.11972774565219879,0.7153872847557068,0.9476667046546936,5,5,0.9341915845870972,0.9078896641731262
1,0.4983625113964081,0.03508905693888664,0.05360929295420647,3,3,0.7486746311187744,0.6294809579849243
1,0.16700081527233124,0.3874160945415497,0.06326332688331604,5,3,0.7575238347053528,0.6181972026824951
0,0.6078473925590515,0.9219831228256226,0.854279637336731,5,5,0.9588574767112732,0.9351965188980103
0,0.7273983955383301,0.5947754383087158,0.921774685382843,5,5,0.9218918681144714,0.938741147518158
0,0.7575305700302124,0.16969919204711914,0.8653426170349121,5,5,0.9134033918380737,0.9250990152359009
2,0.15958625078201294,0.17667779326438904,0.0006393680232577026,1,4,0.3500950038433075,0.2590861916542053
2,0.22717958688735962,0.2462673932313919,0.0009123660274781287,2,4,0.3707658648490906,0.25736644864082336
0,0.8594259023666382,0.40498894453048706,0.9774239659309387,5,5,0.9776392579078674,0.9431853294372559
0,0.9874556660652161,0.2687102258205414,0.864755392074585,5,5,0.9837220311164856,0.9383419156074524
1,0.43145322799682617,0.44665324687957764,0.06319421529769897,5,3,0.7167356610298157,0.6322568655014038
2,0.14890334010124207,0.21532337367534637,0.00230338703840971,4,4,0.11968784034252167,0.2585904896259308
1,0.5563501715660095,0.18133072555065155,0.055084094405174255,3,3,0.7347745895385742,0.6349189877510071
2,0.033838704228401184,0.21904948353767395,0.003664239076897502,2,4,0.23128093779087067,0.25985684990882874
0,0.1710040122270584,0.073335200548172,0.9528012871742249,5,5,0.8898081183433533,0.8921794295310974
1,0.300042062997818,0.4469658136367798,0.04635922238230705,3,3,0.5746142864227295,0.6253670454025269
0,0.6611916422843933,0.39428794384002686,0.921994686126709,5,5,0.8659889698028564,0.9307198524475098
1,0.38679641485214233,0.18206121027469635,0.04480469971895218,5,3,0.6935869455337524,0.6243343949317932
0,0.5829241871833801,0.08841244131326675,0.9375552535057068,5,5,0.9099857807159424,0.9188500046730042
1,0.6607373952865601,0.02518709935247898,0.06326133012771606,5,3,0.6764175295829773,0.6394938230514526
0,0.01501788292080164,0.9367638826370239,0.8867989182472229,5,5,0.9309065937995911,0.8996104001998901
1,0.5574345588684082,0.5639482140541077,0.04962005093693733,3,3,0.7407757043838501,0.6408548355102539
1,0.594062864780426,0.3995801508426666,0.054710909724235535,3,3,0.7739861011505127,0.6405191421508789
2,0.1624239832162857,0.13535580039024353,0.0029965790454298258,4,4,0.2923443019390106,0.25964343547821045
0,0.49466362595558167,0.08203638345003128,0.7908766269683838,5,5,0.9403661489486694,0.9000585675239563
1,0.30353879928588867,0.4596227705478668,0.0462372824549675,3,3,0.5685459971427917,0.6258490681648254
2,0.13377755880355835,0.18585450947284698,0.0005882169934920967,1,4,0.20030884444713593,0.2592337429523468
1,0.034684840589761734,0.25197935104370117,0.051448725163936615,3,3,0.7191951274871826,0.610538899898529
1,0.22070704400539398,0.28949713706970215,0.04888831451535225,5,3,0.6405981779098511,0.6180719137191772
2,0.14069247245788574,0.29746243357658386,0.0031745240557938814,4,4,0.17782703042030334,0.257445365190506
0,0.10555031150579453,0.658618688583374,0.9620357751846313,5,5,0.9070630073547363,0.9067566394805908
1,0.10205177217721939,0.1559714823961258,0.0633135437965393,3,3,0.5650219321250916,0.6117210388183594
0,0.9520566463470459,0.25219061970710754,0.8535725474357605,5,5,0.9069038033485413,0.9356825947761536
1,0.414375364780426,0.23657459020614624,0.06155455857515335,5,3,0.6206981539726257,0.6275669932365417
0,0.7620619535446167,0.09770949184894562,0.9778649806976318,5,5,0.85184645652771,0.9314320087432861
2,0.21515114605426788,0.1760224848985672,0.00014575400564353913,2,4,0.19666464626789093,0.25848662853240967
0,0.7588614225387573,0.3477458953857422,0.9252001047134399,5,5,0.9693174958229065,0.9342990517616272
2,0.21895913779735565,0.330663800239563,0.0002657329896464944,4,4,0.2021140307188034,0.2563687562942505
1,0.45546388626098633,0.1254475861787796,0.05744783207774162,3,3,0.5036362409591675,0.628210723400116
2,0.033495042473077774,0.026490217074751854,0.002719620941206813,2,4,0.21899548172950745,0.26300036907196045
1,0.015228812582790852,0.5442050695419312,0.049548499286174774,5,3,0.7078670859336853,0.6150713562965393
0,0.7566511034965515,0.8075425624847412,0.773606538772583,5,5,0.9944215416908264,0.9346026182174683
0,0.7740292549133301,0.0727468878030777,0.8533886075019836,5,5,0.8673803806304932,0.9220996499061584
