TimeStep,ID,UAV_ID,PositionX,PositionY,Defense Choice,Priority
0.0,1,1,4184.77,9802.44,S-300,1.5696282386779785
0.0,2,1,5042.15,9864.96,S-300,2.210939347743988
0.0,3,0,4263.75,9034.81,MobileFireGroup,1.0077095031738281
0.0,4,2,3387.68,9018.01,Patriot,4.963660538196564
0.0,5,1,3966.19,8140.8,S-300,2.253317892551422
0.0,6,2,2905.33,9356.5,Patriot,4.948688447475433
0.1,1,1,4340.71,9875.44,S-300,1.5681310892105103
0.1,2,1,5082.49,9685.21,S-300,2.2154020071029663
0.1,3,0,4189.38,8970.75,MobileFireGroup,1.0058214664459229
0.1,4,2,3522.75,9014.92,Patriot,4.9647456407547
0.1,5,1,3905.61,8096.53,S-300,2.2527841329574585
0.1,6,2,3201.26,9306.18,Patriot,4.949007332324982
0.2,1,1,4260.86,9692.9,S-300,1.5670647621154785
0.2,2,1,5090.64,9783.73,S-300,2.2220908999443054
0.2,3,0,4462.82,9084.33,MobileFireGroup,1.0042835474014282
0.2,4,2,3487.91,8969.01,Patriot,4.965350925922394
0.2,5,1,4000.37,7903.53,S-300,2.250613510608673
0.2,6,2,3106.51,9063.18,Patriot,4.948157966136932
0.3,1,1,4135.87,9595.08,S-300,1.5667082071304321
0.3,2,1,5146.78,9685.64,S-300,2.2355327010154724
0.3,3,0,4543.63,8918.06,MobileFireGroup,1.0034676790237427
0.3,4,2,3638.1,8905.94,Patriot,4.9664899706840515
0.3,5,1,4140.33,7902.08,S-300,2.251063048839569
0.3,6,2,3013.73,9178.58,Patriot,2.968124270439148
0.4,1,1,4168.26,9698.44,S-300,1.565818190574646
0.4,2,1,5293.89,9648.67,Patriot,3.000393867492676
0.4,3,0,4288.09,8932.09,MobileFireGroup,1.0041743516921997
0.4,4,2,3362.67,8474.22,Patriot,4.966742098331451
0.4,5,1,4089.02,7723.46,Patriot,3.004181146621704
0.4,6,2,3255.76,9008.11,Patriot,2.968291997909546
0.5,1,1,3863.86,9575.71,S-300,1.5655008554458618
0.5,2,1,5338.65,9520.84,Patriot,3.00728440284729
0.5,3,0,4438.19,8851.95,MobileFireGroup,1.0035640001296997
0.5,4,2,3548.94,8463.68,Patriot,4.967691004276276
0.5,5,1,4157.41,7740.26,Patriot,3.006887674331665
0.5,6,2,3067.95,8728.14,Patriot,2.967591941356659
0.6,1,1,3931.53,9672.46,S-300,1.563800573348999
0.6,2,1,5309.01,9630.66,Patriot,3.004518985748291
0.6,3,0,4391.44,8852.71,MobileFireGroup,1.0033313035964966
0.6,4,2,3454.6,8348.15,Patriot,4.967965185642242
0.6,5,1,4273.25,7594.47,Patriot,3.007735252380371
0.6,6,2,3296.71,8528.37,Patriot,2.967914342880249
0.7,1,1,3634.65,9632.57,S-300,1.5630954504013062
0.7,2,1,5367.97,9237.46,Patriot,2.9975409507751465
0.7,3,0,4468.4,8864.54,MobileFireGroup,1.0029798746109009
0.7,4,2,3585.04,8166.59,Patriot,4.968893826007843
0.7,5,1,4232.72,7705.99,S-300,2.2466320395469666
0.7,6,2,3212.09,8435.02,Patriot,2.9673550128936768
0.8,1,1,3924.25,9620.13,S-300,1.5594269037246704
0.8,2,1,5274.28,9209.7,Patriot,2.995638370513916
0.8,3,0,4586.14,9007.87,MobileFireGroup,1.0027382373809814
0.8,4,2,3671.42,8232.83,Patriot,4.969416260719299
0.8,5,1,4223.67,7410.23,S-300,2.2280012369155884
0.8,6,2,3353.22,8339.67,Patriot,2.967395067214966
0.9,1,1,3751.75,9897.04,S-300,1.557931661605835
0.9,2,1,5536.52,9239.12,Patriot,2.9926412105560303
0.9,3,0,4379.44,8739.68,MobileFireGroup,1.0027925968170166
0.9,4,2,3714.91,8110.62,Patriot,4.97002899646759
0.9,5,1,4284.81,7450.79,S-300,2.220972239971161
0.9,6,2,3149.69,8159.43,Patriot,2.9665932655334473
1.0,1,1,3423.15,9426.2,S-300,1.5552620887756348
1.0,2,1,5333.5,9167.12,Patriot,2.991469383239746
1.0,3,0,4804.94,8957.78,MobileFireGroup,1.00211763381958
1.0,4,2,3883.17,8092.15,Patriot,4.970809519290924
1.0,5,1,4500.69,7317.34,S-300,2.21807062625885
1.0,6,2,3228.53,8095.26,Patriot,2.9664326906204224
1.1,1,1,3597.66,9547.77,S-300,1.5509778261184692
1.1,2,1,5564.68,9079.67,Patriot,2.9875195026397705
1.1,3,0,4690.26,8727.13,MobileFireGroup,1.0020390748977661
1.1,4,2,3830.61,8014.15,Patriot,4.971106946468353
1.1,5,1,4459.57,7214.73,S-300,2.214072346687317
1.1,6,2,3404.53,7928.59,Patriot,2.9666690826416016
1.2,1,1,3540.83,9365.13,S-300,1.5467846393585205
1.2,2,1,5418.28,9116.03,S-300,1.494523525238037
1.2,3,0,4720.32,8979.46,MobileFireGroup,1.0021995306015015
1.2,4,2,3891.36,7886.49,Patriot,4.971714019775391
1.2,5,1,4511.55,7267.2,S-300,2.210103929042816
1.2,6,2,3218.33,7793.07,Patriot,2.965843677520752
1.3,1,1,3333.18,9400.78,S-300,1.5431663990020752
1.3,2,1,5363.5,8990.33,S-300,1.4948744773864746
1.3,3,0,4648.08,8697.25,MobileFireGroup,1.0020159482955933
1.3,4,2,3806.63,7660.92,Patriot,4.972017407417297
1.3,5,1,4335.16,7117.64,S-300,2.206739366054535
1.3,6,2,3180.74,7790.37,Patriot,2.9652859568595886
1.4,1,1,3146.84,9300.25,S-300,1.5385535955429077
1.4,2,1,5410.62,8719.5,S-300,1.495816707611084
1.4,3,0,4748.69,8588.23,MobileFireGroup,1.0017025470733643
1.4,4,2,4144.62,7664.23,Patriot,4.972962439060211
1.4,5,1,4711.05,7161.04,S-300,2.206332564353943
1.4,6,2,3057.83,7620.34,Patriot,2.964674949645996
1.5,1,1,3117.91,9230.27,S-300,1.5331209897994995
1.5,2,1,5291.93,8840.91,S-300,1.4972044229507446
1.5,3,0,4623.89,8624.3,MobileFireGroup,1.001954197883606
1.5,4,2,4206.34,7421.18,Patriot,4.973520934581757
1.5,5,1,4747.79,7025.34,S-300,2.2051321864128113
1.5,6,2,3074.41,7281.44,Patriot,2.964702844619751
1.6,1,1,3176.47,9470.09,S-300,1.5276618003845215
1.6,2,1,5527.95,8563.83,S-300,1.4910149574279785
1.6,3,0,4707.23,8793.21,MobileFireGroup,1.0019580125808716
1.6,4,2,4064.61,7439.22,Patriot,4.973291456699371
1.6,5,1,4613.17,7072.94,S-300,2.2034987211227417
1.6,6,2,3269.3,7426.51,Patriot,2.964621841907501
1.7,1,1,3193.63,9068.45,S-300,1.5219030380249023
1.7,2,1,5460.67,8692.88,S-300,1.486109972000122
1.7,3,0,4898.39,8743.54,MobileFireGroup,1.0015538930892944
1.7,4,2,4078.93,7327.92,Patriot,4.97353583574295
1.7,5,1,4618.92,6987.24,S-300,2.20332670211792
1.7,6,2,3172.44,7370.07,Patriot,2.963713824748993
1.8,1,1,3128.28,9120.88,S-300,1.516650676727295
1.8,2,1,5634.46,8465.75,S-300,1.4797003269195557
1.8,3,0,5060.51,8615.48,MobileFireGroup,1.0011208057403564
1.8,4,2,4256.15,7164.11,Patriot,4.974178075790405
1.8,5,1,4928.34,7129.81,S-300,2.2039552330970764
1.8,6,2,3260.96,7268.91,Patriot,2.963440775871277
1.9,1,1,3163.9,9136.59,S-300,1.5111275911331177
1.9,2,1,5389.19,8405.4,S-300,1.4767651557922363
1.9,3,0,4842.85,8546.19,MobileFireGroup,1.0014461278915405
1.9,4,2,4221.76,6981.66,Patriot,4.974380433559418
1.9,5,1,4907.3,6734.46,S-300,2.204799771308899
1.9,6,2,3147.34,7022.07,Patriot,2.9627315998077393
2.0,1,1,2932.22,8973.77,S-300,1.5078426599502563
2.0,2,1,5450.38,8165.63,S-300,1.4728777408599854
2.0,3,0,4856.21,8648.27,MobileFireGroup,1.0015195608139038
2.0,4,2,4465.08,7073.38,Patriot,4.974794685840607
2.0,5,1,5168.56,6799.46,S-300,2.2056981325149536
2.0,6,2,3138.66,7133.67,Patriot,2.961815893650055
2.1,1,1,2864,9051.44,S-300,1.5041484832763672
2.1,2,1,5524.37,8401.04,S-300,1.4713659286499023
2.1,3,0,4952.75,8653.49,MobileFireGroup,1.0013554096221924
2.1,4,2,4422.36,6735.94,Patriot,4.97516393661499
2.1,5,1,5111.77,6710.77,S-300,2.205921471118927
2.1,6,2,3150.87,6841.72,Patriot,2.9615809321403503
2.2,1,1,3030.1,8727.59,S-300,1.4981646537780762
2.2,2,1,5465.12,8238.96,S-300,1.4735194444656372
2.2,3,0,4854.84,8552.27,MobileFireGroup,1.0014233589172363
2.2,4,2,4521.89,6842.26,Patriot,4.9752360582351685
2.2,5,1,4963.7,6907.74,S-300,2.205406129360199
2.2,6,2,3107.8,6717.26,Patriot,2.9608994722366333
2.3,1,1,2957.01,8769.13,S-300,1.4956117868423462
2.3,2,1,5339,8121.98,S-300,1.4763716459274292
2.3,3,0,5084.58,8607.72,MobileFireGroup,1.0010446310043335
2.3,4,2,4419.6,6758.72,Patriot,4.975140988826752
2.3,5,1,5204.38,6764.54,S-300,2.206941783428192
2.3,6,2,2947.49,6511.78,Patriot,2.9599104523658752
2.4,1,1,2936.78,8487.42,S-300,1.4924942255020142
2.4,2,1,5263.8,7910.23,S-300,1.4803603887557983
2.4,3,0,5123.77,8466.71,MobileFireGroup,1.0007810592651367
2.4,4,2,4603.52,6581.24,Patriot,4.975720047950745
2.4,5,1,5206.74,6754.86,S-300,2.2074185013771057
2.4,6,2,3170.34,6503.1,Patriot,2.960021138191223
2.5,1,1,2698.25,8504.3,S-300,1.4938188791275024
2.5,2,1,5313.62,8011.83,S-300,1.4841235876083374
2.5,3,0,5049.88,8529.68,MobileFireGroup,1.0010185241699219
2.5,4,2,4587.67,6414.62,Patriot,4.975907504558563
2.5,5,1,5148.51,6580.46,S-300,2.2080931663513184
2.5,6,2,3024.95,6442.3,Patriot,2.9588189721107483
2.6,1,1,2839.02,8509.5,S-300,1.490991473197937
2.6,2,1,5256.32,7773.46,S-300,1.487889289855957
2.6,3,0,5130.28,8183.79,MobileFireGroup,1.0002951622009277
2.6,4,2,4776.33,6343.39,Patriot,4.976330995559692
2.6,5,1,5281.73,6487.64,S-300,2.2091765999794006
2.6,6,2,3227.02,6230.52,Patriot,2.9589271545410156
2.7,1,1,2677.34,8371.25,S-300,1.491887092590332
2.7,2,1,5313.29,7744.55,S-300,1.4911586046218872
2.7,3,0,5237.32,8537.36,MobileFireGroup,1.0006130933761597
2.7,4,2,4837.83,6345.82,Patriot,4.976431429386139
2.7,5,1,5452.45,6555.2,S-300,2.2098940014839172
2.7,6,2,3377.25,6168.01,Patriot,2.9585763216018677
2.8,1,1,2864.19,8312.22,S-300,1.4895817041397095
2.8,2,1,5290.25,7769.23,S-300,1.493577480316162
2.8,3,0,5193.52,8360.8,MobileFireGroup,1.000429391860962
2.8,4,2,4726.55,6259.79,Patriot,4.976357519626617
2.8,5,1,5538.06,6595.04,S-300,2.2103682160377502
2.8,6,2,2993.43,5878.91,Patriot,2.9568552374839783
2.9,1,1,2821.31,8325.01,S-300,1.491338849067688
2.9,2,1,4999.6,7805.6,S-300,1.4950791597366333
2.9,3,0,5283.85,8425.45,MobileFireGroup,1.0002883672714233
2.9,4,2,4941.12,6228.74,Patriot,4.976743161678314
2.9,5,1,5444.51,6550.1,S-300,2.2104663848876953
2.9,6,2,2918.39,5850.92,Patriot,2.9557119011878967
3.0,1,1,2830.25,8203.99,S-300,1.4920566082000732
3.0,2,1,5159.23,7899.54,S-300,1.4973405599594116
3.0,3,0,5238.1,8340.88,MobileFireGroup,1.0002676248550415
3.0,4,2,4847.58,6109.44,Patriot,4.976745545864105
3.0,5,1,5699.83,6526.4,S-300,2.211782455444336
3.0,6,2,3067.96,5865.55,Patriot,2.955251634120941
3.1,1,1,2608.84,8215.88,S-300,1.4965381622314453
3.1,2,1,5134.01,7509.45,S-300,1.4997786283493042
3.1,3,0,5212.97,8227.07,MobileFireGroup,1.000134825706482
3.1,4,2,5116.48,6043.09,Patriot,4.9772047996521
3.1,5,1,5672.39,6393.06,S-300,2.2124295830726624
3.1,6,2,2942.18,5600.7,Patriot,2.954343795776367
3.2,1,1,2907.28,8015.79,S-300,1.4934632778167725
3.2,2,1,5082.91,7422.22,S-300,1.5013818740844727
3.2,3,0,5415.53,8052.91,MobileFireGroup,0.9993318915367126
3.2,4,2,5018.73,5723.8,Patriot,4.977428615093231
3.2,5,1,5914.97,6203.44,S-300,2.214632213115692
3.2,6,2,3103.44,5565.18,Patriot,2.954031229019165
3.3,1,1,2555.03,7993.39,S-300,1.4993199110031128
3.3,2,1,5093.55,7268.24,S-300,1.503379464149475
3.3,3,0,5358.16,8403.8,MobileFireGroup,1.0000419616699219
3.3,4,2,5436.07,5614.48,Patriot,4.977985918521881
3.3,5,1,5750.66,6366.03,S-300,2.2133554816246033
3.3,6,2,2903.06,5268.98,Patriot,2.9529717564582825
3.4,1,1,2638.34,7656.34,S-300,1.4981361627578735
3.4,2,1,5011.72,7369.39,S-300,1.5039304494857788
3.4,3,0,5511.83,8198.07,MobileFireGroup,0.9993354678153992
3.4,4,2,5234.05,5708.13,Patriot,4.977693855762482
3.4,5,1,6001.13,6156.63,S-300,2.2156870365142822
3.4,6,2,2719.79,5432.48,Patriot,2.9511280059814453
3.5,1,1,2592.85,7876.09,S-300,1.500909686088562
3.5,2,1,4949.15,7188.18,S-300,1.5054455995559692
3.5,3,0,5277.93,8177.62,MobileFireGroup,0.9998823404312134
3.5,4,2,5488.59,5485.74,Patriot,4.978115260601044
3.5,5,1,5817.6,6345.6,S-300,2.2141433358192444
3.5,6,2,2926.69,5216.91,Patriot,2.951797842979431
3.6,1,1,2687.9,7879.18,S-300,1.5008224248886108
3.6,2,1,5034.18,7270.12,S-300,1.5066345930099487
3.6,3,0,5442.34,8059.96,MobileFireGroup,0.9992716908454895
3.6,4,2,5166.15,5342.87,Patriot,4.977982938289642
3.6,5,1,6096.25,6208.71,S-300,2.216372072696686
3.6,6,2,2910,5189.57,Patriot,2.9514454007148743
3.7,1,1,2569.54,7626.97,S-300,1.5021618604660034
3.7,2,1,4856.34,7308.45,S-300,1.5069706439971924
3.7,3,0,5604.94,8157.07,MobileFireGroup,0.9990119934082031
3.7,4,2,5507.94,5134.05,Patriot,4.978373348712921
3.7,5,1,6186.15,6171.37,S-300,2.2173832654953003
3.7,6,2,2762.29,4942.06,Patriot,2.95110547542572
3.8,1,1,2618.1,7505.76,S-300,1.5018208026885986
3.8,2,1,4773.38,6956.97,S-300,1.5082262754440308
3.8,3,0,5295.42,8147.48,MobileFireGroup,0.9997926354408264
3.8,4,2,5547.52,5146.3,Patriot,4.978391230106354
3.8,5,1,6163.08,6243.89,S-300,2.2169070839881897
3.8,6,2,2805.91,4975.35,Patriot,2.9509999752044678
3.9,1,1,2508.17,7504.37,S-300,1.50382661819458
3.9,2,1,4806.19,6900.07,S-300,1.5092620849609375
3.9,3,0,5414.89,7992.61,MobileFireGroup,0.9992222785949707
3.9,4,2,5566.29,5058.29,Patriot,4.978463351726532
3.9,5,1,6221.15,6143.52,S-300,2.218160033226013
3.9,6,2,2706.46,4774.87,Patriot,2.9508692622184753
4.0,1,1,2675.57,7357.86,S-300,1.5017509460449219
4.0,2,1,4721.13,6873.21,S-300,1.509653925895691
4.0,3,0,5276.29,8142.35,MobileFireGroup,0.999830961227417
4.0,4,2,5539.99,5111.44,Patriot,4.978410601615906
4.0,5,1,6474.06,6169.53,S-300,2.220234453678131
4.0,6,2,2752.69,4580.18,Patriot,2.9516154527664185
4.1,1,1,2467.09,7510.98,S-300,1.5055131912231445
4.1,2,1,4559.66,6822.72,S-300,1.5098222494125366
4.1,3,0,5515.93,7974.61,MobileFireGroup,0.9989132881164551
4.1,4,2,5740.57,4905.04,Patriot,4.978668987751007
4.1,5,1,6488.9,6024.35,S-300,2.2216908931732178
4.1,6,2,2689.72,4505.27,Patriot,2.9513484835624695
4.2,1,1,2651.97,7230.22,S-300,1.5025193691253662
4.2,2,1,4601.28,6770.39,S-300,1.510595679283142
4.2,3,0,5536.46,8019.66,MobileFireGroup,0.998941957950592
4.2,4,2,5779.52,4708.83,Patriot,4.978816509246826
4.2,5,1,6572.34,6105.36,S-300,2.221725583076477
4.2,6,2,2633.88,4298.61,Patriot,2.95161634683609
4.3,1,1,2571.38,7068.93,S-300,1.5032531023025513
4.3,2,1,4720.71,6518.88,S-300,1.5124808549880981
4.3,3,0,5612.75,7920.3,MobileFireGroup,0.998548686504364
4.3,4,2,5661.23,4580.3,Patriot,4.978836178779602
4.3,5,1,6742.61,5927.92,S-300,2.2244455218315125
4.3,6,2,2695.5,4312.45,Patriot,2.9517778158187866
4.4,1,1,2604.07,7128.51,S-300,1.5035619735717773
4.4,2,1,4572.05,6691.11,S-300,1.511626124382019
4.4,3,0,5555.5,7852.43,MobileFireGroup,0.9985736608505249
4.4,4,2,5972.46,4539.25,Patriot,4.979170560836792
4.4,5,1,6708.25,5988.79,S-300,2.223786413669586
4.4,6,2,2563.08,4221.6,Patriot,2.951178252696991
4.5,1,1,2655.96,6904.52,S-300,1.502276062965393
4.5,2,1,4638.78,6462.79,S-300,1.5130804777145386
4.5,3,0,5796.2,7852.45,MobileFireGroup,0.9979281425476074
4.5,4,2,6068.57,4658.64,Patriot,4.979108572006226
4.5,5,1,6815.18,5899.9,S-300,2.225294530391693
4.5,6,2,2449.3,4229.3,Patriot,2.9502350091934204
4.6,1,1,2666.84,6952.25,S-300,1.5027377605438232
4.6,2,1,4524.62,6511.23,S-300,1.5126917362213135
4.6,3,0,5699.82,7970.2,MobileFireGroup,0.9984108209609985
4.6,4,2,6019.38,4497.56,Patriot,4.979274570941925
4.6,5,1,6966.13,5812.46,S-300,2.227390944957733
4.7,1,1,2687.9,6881.91,S-300,1.5024219751358032
4.7,2,1,4232.81,6565.75,S-300,1.5119044780731201
4.7,3,0,5691.47,7874,MobileFireGroup,0.9982485771179199
4.7,4,2,6085.99,4191.5,Patriot,4.979662597179413
4.7,5,1,6964.25,5768.49,S-300,2.2278324365615845
4.8,1,1,2401.26,6904.29,S-300,1.5064973831176758
4.8,2,1,4312.65,6236.73,S-300,1.5132031440734863
4.8,3,0,5880.58,7883.67,MobileFireGroup,0.9977669715881348
4.8,4,2,6082.13,4289.12,Patriot,4.979548454284668
4.8,5,1,7138.13,5773.92,S-300,2.2291717529296875
4.9,1,1,2570.28,6482.2,S-300,1.5024058818817139
4.9,2,1,4488.2,6499.2,S-300,1.5134350061416626
4.9,3,0,5710,7999.09,MobileFireGroup,0.9984386563301086
4.9,4,2,6294.77,4110.2,Patriot,4.979903697967529
4.9,5,1,6931.39,5801.08,S-300,2.22732013463974
5.0,1,1,2592.58,6436.71,S-300,1.5020610094070435
5.0,2,1,4305.91,6131.5,S-300,1.5139780044555664
5.0,3,0,5777.68,7871.15,MobileFireGroup,0.9980136156082153
5.0,4,2,6353.94,4070.62,Patriot,4.979968070983887
5.0,5,1,7210.29,5580.07,S-300,2.2316304445266724
5.1,1,1,2723.93,6603.76,S-300,1.501394510269165
5.1,2,1,4333.73,6237.31,S-300,1.5139882564544678
5.1,3,0,6002.36,7522.33,MobileFireGroup,0.9968646168708801
5.1,4,2,6275,3996.63,Patriot,4.979987144470215
5.1,5,1,7352.87,5624.04,S-300,2.232285261154175
5.2,1,1,2447.79,6390.33,S-300,1.5042669773101807
5.2,2,1,4267.89,5970.57,S-300,1.5147806406021118
5.2,3,0,5893.04,7655.02,MobileFireGroup,0.9973244667053223
5.2,4,2,6325.21,3724.85,Patriot,4.980223774909973
5.2,5,1,7332.82,5592.26,S-300,2.2324649691581726
5.3,1,1,2667.09,6351.15,S-300,1.501084566116333
5.3,2,1,4051.22,6186.65,S-300,1.5133836269378662
5.3,3,0,6001.94,7608.19,MobileFireGroup,0.9970115423202515
5.3,4,2,6498.92,3818.04,Patriot,4.980230629444122
5.3,5,1,7384.36,5789.64,S-300,2.2309969067573547
5.4,1,1,2352.08,6306.88,S-300,1.5055135488510132
5.4,2,1,4227.31,6018.06,S-300,1.5147030353546143
5.4,3,0,6103.05,7551.09,MobileFireGroup,0.9966992735862732
5.4,4,2,6551.01,3556.59,Patriot,4.9804311990737915
5.4,5,1,7355.79,5705,S-300,2.231602191925049
5.5,1,1,2565.29,6214.11,S-300,1.502032995223999
5.5,2,1,4195.42,6072.35,S-300,1.514528751373291
5.5,3,0,5808.33,7568.95,MobileFireGroup,0.9973648190498352
5.5,4,2,6372.91,3574.1,Patriot,4.98035192489624
5.5,5,1,7691.73,5680.12,S-300,2.234230935573578
5.6,1,1,2475.43,6144.46,S-300,1.5030629634857178
5.6,2,1,3970.83,5850.19,S-300,1.5142894983291626
5.6,3,0,5999.32,7508.12,MobileFireGroup,0.9968468546867371
5.6,4,2,6541.66,3398.94,Patriot,4.9805280566215515
5.6,5,1,7755.25,5539.9,S-300,2.2359949350357056
5.7,1,1,2688.93,6130.39,S-300,1.4999154806137085
5.7,2,1,3762.43,5887.11,S-300,1.513657569885254
5.7,3,0,5971.04,7515.03,MobileFireGroup,0.9969195127487183
5.7,4,2,6543.53,3401.35,Patriot,4.980526864528656
5.7,5,1,7737.82,5503.58,S-300,2.2362409830093384
5.8,1,1,2349.99,5929.5,S-300,1.5038834810256958
5.8,2,1,3780.3,5811.91,S-300,1.5139440298080444
5.8,3,0,5981.67,7606.04,MobileFireGroup,0.9970513582229614
5.8,4,2,6751.68,3140.36,Patriot,4.9807387590408325
5.8,5,1,7796.25,5265.17,S-300,2.2389471530914307
5.9,1,1,2392.35,5879.35,S-300,1.5030313730239868
5.9,2,1,3870.6,5702.83,S-300,1.514601469039917
5.9,3,0,6146.36,7574.46,MobileFireGroup,0.9966478943824768
5.9,4,2,6793.58,3177.45,Patriot,4.980728030204773
5.9,5,1,7844.95,5268.19,S-300,2.2392507791519165
6.0,1,1,2537.38,5886.83,S-300,1.5009266138076782
6.0,2,1,3816.53,5618.43,S-300,1.5147054195404053
6.0,3,0,5980.09,7543.81,MobileFireGroup,0.9969492554664612
6.0,4,2,7004.7,3204.96,Patriot,4.980761706829071
6.0,5,1,7762.15,5411.52,S-300,2.237335681915283
6.1,1,1,2435.96,5838.98,S-300,1.5022810697555542
6.1,2,1,3628.25,5383.73,S-300,1.5146217346191406
6.1,3,0,6326.43,7395.33,MobileFireGroup,0.9959480166435242
6.1,4,2,6985.98,2836.86,Patriot,4.980729818344116
6.1,5,1,8011.28,5410.03,S-300,2.238993287086487
6.2,1,1,2653.29,5668.19,S-300,1.4978665113449097
6.2,2,1,3643.39,5623.07,S-300,1.5142335891723633
6.2,3,0,6311.21,7537.37,MobileFireGroup,0.9962369203567505
6.2,4,2,6935.44,2892.47,Patriot,4.9807411432266235
6.2,5,1,8150.97,5256.04,S-300,2.241943895816803
6.3,1,1,2569.91,5562.17,S-300,1.4984499216079712
6.3,2,1,3505.17,5431.57,S-300,1.514257788658142
6.3,3,0,6404.49,7459.27,MobileFireGroup,0.9958986639976501
6.3,4,2,6954.6,2867.17,Patriot,4.980737566947937
6.3,5,1,8031.83,5204.25,S-300,2.2416520714759827
6.4,1,1,2575.15,5557.36,S-300,1.4984149932861328
6.4,2,1,3483.49,5416.7,S-300,1.5142821073532104
6.4,3,0,6210.38,7115.45,MobileFireGroup,0.9956764578819275
6.4,4,2,7140.51,2765.79,Patriot,4.980700314044952
6.4,5,1,8320.98,5420.73,S-300,2.2413219809532166
6.5,1,1,2595.57,5268.52,S-300,1.4960767030715942
6.5,2,1,3624.93,5237,S-300,1.5154263973236084
6.5,3,0,6215.12,7208.33,MobileFireGroup,0.9958416819572449
6.5,4,2,7075.37,2521.7,Patriot,4.980690181255341
6.5,5,1,8375.95,5232.88,S-300,2.2440192103385925
6.6,1,1,2391.27,5380.57,S-300,1.500160813331604
6.6,2,1,3646.86,5198.51,S-300,1.515732765197754
6.6,3,0,6281.48,7401.01,MobileFireGroup,0.9960546493530273
6.6,4,2,7171.48,2423.16,Patriot,4.98068779706955
6.6,5,1,8339.18,5203.49,S-300,2.2441145181655884
6.7,1,1,2669.62,5364.2,S-300,1.4958560466766357
6.7,2,1,3233.7,5268.35,S-300,1.5139522552490234
6.7,3,0,6391.29,7339.08,MobileFireGroup,0.9957067370414734
6.7,4,2,7271.05,2435.5,Patriot,4.980687201023102
6.7,5,1,8438.29,5179.96,S-300,2.245156466960907
6.8,1,1,2481.31,5249.36,S-300,1.4979504346847534
6.8,2,1,3450.52,4997.73,S-300,1.5155178308486938
6.8,3,0,6489.96,7244.9,MobileFireGroup,0.9953130483627319
6.8,4,2,7362.57,2346,Patriot,4.98068243265152
6.8,5,1,8415.66,5253.34,S-300,2.2441245317459106
6.9,1,1,2419.08,5075.94,S-300,1.4977182149887085
6.9,2,1,3416.81,4914.35,S-300,1.5157005786895752
6.9,3,0,6472.82,7304.19,MobileFireGroup,0.9954684972763062
6.9,4,2,7543.45,2157.58,Patriot,4.980670213699341
6.9,5,1,8657.36,5219.86,S-300,2.2463035583496094
7.0,1,1,2537.04,4992.02,S-300,1.4953174591064453
7.0,2,1,3131.8,5007.87,S-300,1.5142699480056763
7.0,3,0,6372.85,7157.61,MobileFireGroup,0.9954017400741577
7.0,4,2,7274.95,1985.28,Patriot,4.980664253234863
7.0,5,1,8693.3,4990.27,S-300,2.24928742647171
7.1,1,1,2546.82,4848.01,S-300,1.494285225868225
7.1,2,1,3174.98,4911.02,S-300,1.5146510601043701
7.1,3,0,6544.58,7139.74,MobileFireGroup,0.9950873255729675
7.1,5,1,8724.24,5125.59,S-300,2.247921645641327
7.2,1,1,2508.23,4775.98,S-300,1.494333028793335
7.2,2,1,3205.07,4845.44,S-300,1.5149226188659668
7.2,3,0,6372.85,7196.63,MobileFireGroup,0.9954788684844971
7.2,5,1,8899.53,4904.3,S-300,2.251711070537567
7.3,1,1,2538.75,4650.73,S-300,1.4931104183197021
7.3,2,1,3037.96,4754.83,S-300,1.514594316482544
7.3,3,0,6355.3,7133.58,MobileFireGroup,0.9953931570053101
7.3,5,1,8760.1,5013.8,S-300,2.24953830242157
7.4,1,1,2516.39,4566.59,S-300,1.4928408861160278
7.4,2,1,2797.29,4771.25,S-300,1.5138788223266602
7.4,3,0,6513.05,7283.16,MobileFireGroup,0.9953386783599854
7.5,1,1,2358.31,4537.77,S-300,1.4947839975357056
7.5,2,1,2835.73,4524.31,S-300,1.5144548416137695
7.5,3,0,6699.56,7088.41,MobileFireGroup,0.9947868585586548
7.6,1,1,2536.5,4484.98,S-300,1.4920512437820435
7.6,2,1,3016.24,4700.82,S-300,1.5147267580032349
7.6,3,0,6675.05,7136.96,MobileFireGroup,0.9948898553848267
7.7,1,1,2643.14,4386.5,S-300,1.4905198812484741
7.7,2,1,3050.87,4436.79,S-300,1.5157333612442017
7.7,3,0,6538.11,7074.13,MobileFireGroup,0.9950063228607178
7.8,1,1,2487.42,4339.33,S-300,1.491789698600769
7.8,2,1,2694.52,4405.99,S-300,1.5142861604690552
7.8,3,0,6459.37,6947.89,MobileFireGroup,0.9949487447738647
7.9,1,1,2558.55,4247.54,S-300,1.4906256198883057
7.9,2,1,2965.72,4376.93,S-300,1.5154857635498047
7.9,3,0,6740.73,6973.05,MobileFireGroup,0.9945653676986694
8.0,1,1,2656.95,4150.25,S-300,1.4893819093704224
8.0,2,1,2960.82,4456.6,S-300,1.5151982307434082
8.0,3,0,6862.11,7042.63,MobileFireGroup,0.9944875836372375
8.1,1,1,2440.22,3967.92,S-300,1.4902600049972534
8.1,2,1,2850.34,4146.25,S-300,1.5158408880233765
8.1,3,0,6802.43,6991.72,MobileFireGroup,0.994502067565918
8.2,2,1,2681.26,4197.6,S-300,1.5148519277572632
8.2,3,0,6803.49,6900.81,MobileFireGroup,0.994371771812439
8.3,2,1,2696.51,4116.64,S-300,1.5151509046554565
8.3,3,0,6878.32,7033.35,MobileFireGroup,0.9944512248039246
8.4,2,1,2446.05,4061.37,S-300,1.5143821239471436
8.4,3,0,6791.39,6872.12,MobileFireGroup,0.9943490624427795
8.5,3,0,6901.67,6765.57,MobileFireGroup,0.9940609335899353
8.6,3,0,6987.23,6842.58,MobileFireGroup,0.994051992893219
8.7,3,0,7025.09,6765.05,MobileFireGroup,0.9938894510269165
8.8,3,0,6994,6757.52,MobileFireGroup,0.9939149022102356
8.9,3,0,7091.79,6539.15,MobileFireGroup,0.9935469031333923
9.0,3,0,7029.39,6800.75,MobileFireGroup,0.9939250349998474
9.1,3,0,7137.92,6668.98,MobileFireGroup,0.9936588406562805
9.2,3,0,7162.48,6639.36,MobileFireGroup,0.9935919642448425
9.3,3,0,7166.67,6794.59,MobileFireGroup,0.9937703013420105
9.4,3,0,7247.38,6700.13,MobileFireGroup,0.9935692548751831
9.5,3,0,7295.17,6673.66,MobileFireGroup,0.9934797286987305
9.6,3,0,7076.06,6611.87,MobileFireGroup,0.9936595559120178
9.7,3,0,7239.08,6584.91,MobileFireGroup,0.9934399724006653
9.8,3,0,7207.62,6505.59,MobileFireGroup,0.9934013485908508
9.9,3,0,7218.93,6462.76,MobileFireGroup,0.9933607578277588
10.0,3,0,7286.53,6457.84,MobileFireGroup,0.9933109283447266
10.1,3,0,7387.89,6471.43,MobileFireGroup,0.9932529330253601
10.2,3,0,7468.67,6375.84,MobileFireGroup,0.9931260347366333
10.3,3,0,7536.41,6209.66,MobileFireGroup,0.9931539297103882
10.4,3,0,7373.84,6437.29,MobileFireGroup,0.993236243724823
10.5,3,0,7452.23,6270.17,MobileFireGroup,0.9931272268295288
10.6,3,0,7593.63,6169.29,MobileFireGroup,0.9931377172470093
10.7,3,0,7544.04,6291.7,MobileFireGroup,0.9931384921073914
10.8,3,0,7593.17,6170.47,MobileFireGroup,0.9931380152702332
10.9,3,0,7697.95,6190.84,MobileFireGroup,0.9931262731552124
11.0,3,0,7599.87,6170.72,MobileFireGroup,0.9931368827819824
11.1,3,0,7915.08,6225.17,MobileFireGroup,0.9931255578994751
11.2,3,0,7720.54,6089.29,MobileFireGroup,0.9931260347366333
11.3,3,0,7818.08,6263.7,MobileFireGroup,0.9931291341781616
11.4,3,0,7860.57,6044.28,MobileFireGroup,0.9931349754333496
11.5,3,0,7743.1,6155.94,MobileFireGroup,0.9931278228759766
11.6,3,0,7774.08,6047.28,MobileFireGroup,0.9931232333183289
11.7,3,0,7967.11,5925.78,MobileFireGroup,0.9931869506835938
11.8,3,0,7885.67,6125.31,MobileFireGroup,0.9931229948997498
11.9,3,0,7916.32,5953.31,MobileFireGroup,0.9931702613830566
12.0,3,0,7971.32,5906.5,MobileFireGroup,0.9931958913803101
12.1,3,0,8088.14,5725.72,MobileFireGroup,0.9937851428985596
12.2,3,0,7988.62,5782.16,MobileFireGroup,0.993471622467041
12.3,3,0,7924.51,5733.26,MobileFireGroup,0.9934777021408081
12.4,3,0,8025.25,5671.97,MobileFireGroup,0.9938079714775085
12.5,3,0,8200.33,5779.14,MobileFireGroup,0.9938485026359558
12.6,3,0,7944.7,5879.59,MobileFireGroup,0.9932071566581726
12.7,3,0,7999.44,5805.15,MobileFireGroup,0.9934346675872803
12.8,3,0,8172.98,5654.72,MobileFireGroup,0.9941142201423645
12.9,3,0,8050.74,5634.95,MobileFireGroup,0.9939449429512024
13.0,3,0,8340.74,5764.38,MobileFireGroup,0.9941304326057434
13.1,3,0,8233.06,5532.68,MobileFireGroup,0.9945396780967712
13.2,3,0,8480.96,5583.6,MobileFireGroup,0.9948371648788452
13.3,3,0,8300.04,5499.92,MobileFireGroup,0.9947434663772583
13.4,3,0,8473.74,5471.6,MobileFireGroup,0.9951170682907104
13.5,3,0,8488.03,5355.69,MobileFireGroup,0.9954479336738586
13.6,3,0,8307.77,5470.39,MobileFireGroup,0.9948348999023438
13.7,3,0,8439.6,5422.45,MobileFireGroup,0.9951885938644409
13.8,3,0,8455.14,5428.27,MobileFireGroup,0.9951995611190796
13.9,3,0,8646.34,5546.57,MobileFireGroup,0.9952110648155212
14.0,3,0,8516.89,5549.71,MobileFireGroup,0.9949859380722046
14.1,3,0,8481.1,5342.68,MobileFireGroup,0.9954708814620972
14.2,3,0,8864.21,5257.32,MobileFireGroup,0.9969238638877869
14.3,3,0,8617.78,5148.83,MobileFireGroup,0.9966768026351929
14.4,3,0,8700.62,5238.4,MobileFireGroup,0.9964175224304199
14.5,3,0,8850.41,5112.64,MobileFireGroup,0.9976834058761597
14.6,3,0,8703.65,4916.89,MobileFireGroup,0.9983117580413818
14.7,3,0,8863.83,5214.24,MobileFireGroup,0.9971668124198914
14.8,3,0,8866.94,5211.79,MobileFireGroup,0.9971902966499329
14.9,3,0,8970.38,5166.09,MobileFireGroup,0.9977703094482422
15.0,3,0,8974.24,5053.17,MobileFireGroup,0.9984034895896912
15.1,3,0,8970.07,4965.76,MobileFireGroup,0.9988754391670227
