UAV,x,y,speed_kmh,label,damage_potential
0,0.799403741,0.182725777,0.952097079,5,0.939527524
1,0.104067006,0.03723454,0.063241287,5,0.542860045
0,0.020319108,0.973433719,0.964458717,5,0.881850867
2,0.20630808,0.203285436,9.50736E-06,1,0.187368742
0,0.401123594,0.045220547,0.997573492,5,0.884915701
1,0.525211175,0.132136021,0.054994006,5,0.640028868
2,0.202982516,0.055451025,0.000235975,1,0.38968961
1,0.257631183,0.009005181,0.0483543,5,0.632045748
0,0.612105864,0.835982967,0.810012645,5,0.908659091
1,0.44311263,0.207229547,0.055130708,5,0.670310098
2,0.32414863,0.258071944,0.003651225,2,0.37799766
0,0.925239917,0.087272501,0.815312918,5,0.856784093
2,0.129732742,0.08924021,0.003218634,2,0.389576592
2,0.046815675,0.267141884,0.000273075,4,0.227020444
2,0.066157103,0.000154337,0.003166783,1,0.313402586
0,0.774029283,0.072746891,0.853388595,5,0.867380359
0,0.853114852,0.450173383,0.791745046,5,0.905622738
1,0.217313953,0.487325715,0.057883916,3,0.668373028
0,0.119727745,0.71538726,0.947666723,5,0.93419158
0,0.256751641,0.038954932,0.935921268,5,0.866633623
2,0.06716231,0.298498617,0.00183852,1,0.252571207
1,0.092913541,0.40341733,0.055594064,3,0.56863945
0,0.290570472,0.16039272,0.987249123,5,0.971218057
2,0.034958107,0.151300952,0.000835052,2,0.364984078
1,0.081371562,0.237114035,0.064193919,3,0.568380549
1,0.114,0.234614667,0.050085752,5,0.653224191
2,0.16191276,0.230357987,0.001034128,4,0.150487313
2,0.134806059,0.020050892,0.000973604,2,0.308891282
0,0.301742156,0.284677256,0.778030928,5,0.94143465
1,0.274780336,0.020456135,0.051029894,3,0.571868567
1,0.355034074,0.298432507,0.05589992,3,0.701640664
0,0.370795384,0.24176699,0.95759198,5,0.920545095
1,0.423706378,0.357409239,0.045059432,3,0.545215263
0,0.18692163,0.039298322,0.90785479,5,0.951634654
0,0.713666258,0.812161579,0.851092157,5,0.864426483
2,0.230892135,0.127909322,0.003640411,1,0.302707035
2,0.037628577,0.308193859,0.003408454,4,0.168565007
1,0.657068518,0.344581373,0.049055794,3,0.52793083
2,0.301000222,0.210473347,0.001306027,4,0.310107349
0,0.859425889,0.404988951,0.977423964,5,0.977639267
2,0.053744976,0.299433821,0.002350384,4,0.21168483
2,0.221709967,0.24555,0.000609963,2,0.245684126
0,0.65423953,0.223780072,0.9362766,5,0.885587363
2,0.059499398,0.121117442,0.002888349,4,0.297283868
2,0.181227013,0.168821245,0.002467176,2,0.173196893
1,0.654876064,0.324544954,0.064176821,3,0.738443391
1,0.431453231,0.446653238,0.063194219,5,0.716735635
0,0.573960343,0.770994166,0.779604925,5,0.999182577
1,0.63816616,0.611495907,0.051617785,3,0.785921554
2,0.142954749,0.322256206,0.003745432,1,0.122603877
2,0.128534748,0.283542913,0.001219683,2,0.267040379
0,0.847265945,0.933325994,0.785888042,5,0.881337808
0,0.99369421,0.139141685,0.890850558,5,0.981605961
2,0.283681308,0.044089271,0.002750639,4,0.188077553
0,0.421123731,0.255889597,0.91268699,5,0.862239127
0,0.503188461,0.800895401,0.921697283,5,0.955295032
1,0.595378983,0.224846576,0.051744895,5,0.631542237
0,0.03573876,0.466407634,0.896548448,5,0.892981188
1,0.575565664,0.166035882,0.043853653,3,0.608057192
2,0.1744341,0.256349634,0.000824822,1,0.237179548
1,0.034244973,0.354446678,0.055612671,3,0.541505928
2,0.324132646,0.237784098,0.000142303,4,0.230056221
1,0.052166659,0.01529518,0.065501985,3,0.628494342
2,0.019127699,0.305016888,0.001709564,2,0.128161987
2,0.220604066,0.092117234,0.00371124,4,0.297133399
2,0.204380089,0.138923187,0.00094945,4,0.327353833
2,0.114070689,0.029068104,0.00034965,2,0.356638175
2,0.158346403,0.031090629,0.001901969,4,0.203891296
1,0.290051369,0.265403407,0.057375233,3,0.766004116
0,0.015017883,0.936763871,0.886798933,5,0.930906617
2,0.054181967,0.021953243,0.002490948,1,0.36015968
0,0.8038278,0.679116648,0.903747831,5,0.869275053
2,0.182256665,0.313814344,0.001489875,1,0.295445432
0,0.196231612,0.068038334,0.793002938,5,0.852733274
0,0.620396357,0.336669305,0.923046758,5,0.907809493
1,0.015228813,0.544205075,0.049548501,5,0.707867108
1,0.42063615,0.58643349,0.060169015,3,0.790274165
1,0.283103017,0.379357132,0.056439632,3,0.623785303
1,0.167000819,0.387416093,0.063263326,5,0.757523826
2,0.227179585,0.246267397,0.000912366,2,0.370765872
1,0.332026157,0.259447089,0.049918293,3,0.616760504
2,0.302661528,0.028896388,0.001229023,2,0.303030971
0,0.494663617,0.08203638,0.790876602,5,0.940366139
0,0.213236606,0.949590772,0.952473201,5,0.86701969
2,0.165122417,0.01759324,0.002128154,1,0.321110667
2,0.117094604,0.037536085,0.000540379,2,0.351089162
2,0.033495042,0.026490217,0.002719621,2,0.218995481
0,0.708739182,0.080090332,0.789267546,5,0.997995937
2,0.123696808,0.270695101,0.003681492,1,0.277566622
1,0.473674536,0.3211433,0.051801244,3,0.627266603
1,0.220707039,0.289497127,0.048888314,5,0.640598193
1,0.495624389,0.512519702,0.062224599,3,0.723813464
2,0.079139459,0.132429368,0.001847677,1,0.360579738
1,0.291714163,0.53592124,0.065859401,3,0.512947974
2,0.014176896,0.308177006,0.003571616,4,0.308623337
2,0.174720109,0.209232431,0.002699232,4,0.398749413
1,0.390763928,0.602309141,0.044008588,5,0.787610722
1,0.30464667,0.41395053,0.049443668,5,0.694054509
1,0.15319763,0.176549876,0.051387816,5,0.795863223
1,0.021282447,0.185816538,0.05257969,3,0.705419352
2,0.044225582,0.023840557,0.003655259,4,0.317715853
0,0.922531365,0.081497504,0.974820809,5,0.932738181
2,0.008476084,0.1244669,0.003147614,4,0.145125067
2,0.250517738,0.130005243,0.003220301,1,0.351498611
1,0.024298493,0.08801874,0.043263997,3,0.759416713
2,0.178484691,0.249619337,0.003548378,4,0.330696225
2,0.253028781,0.124931783,0.000923492,1,0.138747825
0,0.275490306,0.206646692,0.975186183,5,0.96354987
1,0.239388794,0.074416238,0.058681029,5,0.642863209
0,0.521910792,0.855071743,0.898718921,5,0.934140696
1,0.529656933,0.393724453,0.054192845,3,0.726541177
2,0.213630745,0.268096222,0.003509264,2,0.205176268
1,0.425791151,0.370171509,0.045076125,5,0.60447664
1,0.301469718,0.608551403,0.049925892,5,0.758709113
2,0.26621187,0.152243409,0.003270789,1,0.177473316
2,0.32764531,0.163393528,0.001265885,4,0.27389498
0,0.075820647,0.127877089,0.79939279,5,0.872785404
1,0.466637217,0.118994665,0.059265189,3,0.769036523
0,0.516963494,0.976651442,0.910442441,5,0.88357736
2,0.056190238,0.091666971,0.000673243,1,0.264614593
2,0.153863394,0.0674518,0.001404605,2,0.199029854
0,0.039122203,0.802016623,0.916526988,5,0.862263855
1,0.104725088,0.251181426,0.043004424,5,0.741860384
2,0.199546472,0.328825431,0.002077623,2,0.17083496
0,0.533057773,0.722697669,0.783995828,5,0.872160864
0,0.715875175,0.898328647,0.889291702,5,0.929817023
2,0.289887941,0.116987965,0.001533076,1,0.321221562
1,0.377143127,0.561793567,0.045033996,5,0.53592864
2,0.114421161,0.157144022,0.001368808,1,0.24953266
0,0.58620476,0.739091845,0.900086375,5,0.937980315
0,0.379950289,0.337566728,0.980207249,5,0.941133283
0,0.357183034,0.990128488,0.911342158,5,0.885584019
1,0.150478755,0.24318586,0.05437478,5,0.555970107
1,0.539059359,0.035605739,0.062682111,3,0.657353417
2,0.328430475,0.035851027,0.001535778,4,0.359652138
1,0.652315325,0.327230414,0.059883712,5,0.778812797
0,0.536843944,0.477488418,0.965897524,5,0.880761634
1,0.21630719,0.283454509,0.05483878,3,0.658952007
2,0.20401171,0.095031721,0.002251999,4,0.379604303
2,0.177896718,0.01567121,0.001296554,2,0.264580935
1,0.662284038,0.214362913,0.061921933,3,0.541647432
2,0.254081893,0.197918565,0.001823702,4,0.338286835
0,0.932925665,0.833393601,0.99552806,5,0.868644584
0,0.941772477,0.180512204,0.784969474,5,0.961168097
1,0.031843954,0.5221175,0.062345295,3,0.560488196
1,0.551956302,0.123242548,0.048466732,5,0.656919627
2,0.293229871,0.129822819,0.003171228,4,0.314134736
0,0.626267575,0.540989937,0.872200888,5,0.936622941
2,0.300717928,0.126956178,0.002104814,4,0.262854793
1,0.628730663,0.419028014,0.050791676,5,0.550019228
0,0.622222556,0.534635953,0.978858686,5,0.968289582
1,0.503274592,0.472160721,0.0611884,3,0.51005973
1,0.477612261,0.329397152,0.060627477,5,0.746377191
0,0.379999426,0.457763561,0.910916381,5,0.925343252
2,0.162423982,0.135355795,0.002996579,4,0.29234429
0,0.567438321,0.71833734,0.909761452,5,0.974019824
1,0.607725336,0.389324833,0.052337027,3,0.586378885
0,0.153620901,0.587688699,0.887935183,5,0.941718135
0,0.728672525,0.59445801,0.793339132,5,0.987812578
2,0.308390317,0.235318744,0.000577667,4,0.282014514
1,0.051406733,0.068175747,0.062638187,3,0.635251811
1,0.157555978,0.109244629,0.047309792,3,0.776252565
0,0.312350678,0.226923209,0.911838852,5,0.906895855
2,0.11183424,0.267361884,0,1,0.13428019
2,0.288650696,0.307612954,0.001800752,4,0.321250374
2,0.196129475,0.009311543,0.003546752,2,0.152916096
0,0.165831813,0.032365226,0.842376521,5,0.967074356
0,0.634463205,0.011468657,0.924878036,5,0.876705395
2,0.049405568,0.137255614,0.000315252,1,0.155338861
0,0.597435357,0.065741214,0.945130129,5,0.881485839
0,0.350446275,0.469055619,0.915841694,5,0.906658892
0,0.065625047,0.778005301,0.875609116,5,0.92865854
2,0.133777562,0.185854513,0.000588217,1,0.200308843
0,0.949578805,0.373622226,0.832832344,5,0.946599931
2,0.008147895,0.050634733,0.002778217,1,0.222395349
2,0.073940495,0.075743212,0.00260606,1,0.278514694
2,0.267364599,0.058138927,0.00253128,4,0.316243929
0,0.243803554,0.724457963,0.969907939,5,0.97453298
2,0.046868428,0.134496908,0.001247288,2,0.103900577
0,0.73852107,0.850996522,0.798158082,5,0.981466611
2,0.140692472,0.297462442,0.003174524,4,0.17782703
1,0.242666275,0.021245278,0.062408885,3,0.622823496
1,0.242464587,0.575438635,0.048087547,5,0.729081738
2,0.290307289,0.161655257,0.003475681,1,0.24543351
2,0.089571615,0.179820171,0.002456028,4,0.165406932
1,0.558514323,0.65810394,0.055262456,3,0.707366557
2,0.005806607,0.304710273,0.000441799,1,0.182216566
2,0.135278594,0.165017823,0.002794739,1,0.103298749
2,0.08790039,0.087614629,0.002841536,2,0.280155058
2,0.165073402,0.190430358,0.003255228,1,0.214941558
1,0.282142575,0.235487688,0.065407753,3,0.5248396
0,0.245989243,0.389694563,0.837038466,5,0.903350907
2,0.241131596,0.202867031,0.003689531,4,0.29910135
1,0.090015127,0.322542761,0.04926862,3,0.578679213
0,0.844571654,0.849267018,0.993233765,5,0.873200821
2,0.257657689,0.034027716,0.000275368,1,0.223838065
2,0.230043616,0.144026264,0.000944259,4,0.123329603
0,0.272893225,0.591711066,0.853976351,5,0.863737311
0,0.965626522,0.792569208,0.931210481,5,0.9281951
1,0.641005698,0.506619825,0.057916533,3,0.69763501
1,0.426184234,0.65553996,0.06411273,5,0.566362833
1,0.034187466,0.447319072,0.043978571,5,0.777574495
0,0.557697469,0.474060702,0.8427003,5,0.868078387
0,0.298198635,0.927675104,0.996941422,5,0.991639973
1,0.4983625,0.035089057,0.053609294,3,0.748674642
2,0.217247254,0.120523752,0.002171695,1,0.12308596
2,0.17711883,0.14610567,0.001561671,4,0.194587101
2,0.179841875,0.220042479,0.002863686,1,0.365793324
1,0.586449844,0.278139151,0.053768623,5,0.506380823
0,0.185871817,0.384334143,0.987926884,5,0.860504456
1,0.234401514,0.512515302,0.052362324,3,0.643934398
0,0.399543667,0.090496594,0.848210867,5,0.928377879
2,0.079564724,0.035326623,0.001366925,2,0.355846547
1,0.156017616,0.026516884,0.043362465,5,0.513530203
0,0.385526686,0.681608931,0.820531834,5,0.992494178
2,0.086327027,0.195544352,0.003818508,4,0.383419607
0,0.907016526,0.992812517,0.943581715,5,0.859747961
2,0.217072988,0.201972954,0.00198427,2,0.114083607
2,0.073443182,0.060784288,0.003026662,2,0.340230906
1,0.64832295,0.590665392,0.064684241,5,0.65750945
0,0.397490062,0.760623108,0.932490049,5,0.873084386
0,0.22499647,0.223325946,0.89521971,5,0.93894099
1,0.575379717,0.304899751,0.052110151,3,0.538854476
2,0.0145035,0.283897097,0.000120255,4,0.296572594
2,0.245709898,0.092605535,0.000968658,2,0.177926135
2,0.01597839,0.176793403,0.003739582,1,0.368343979
2,0.284530421,0.164240875,0.001858893,1,0.371954116
0,0.348862127,0.679969022,0.901958653,5,0.890054241
1,0.348558576,0.580192607,0.04869155,3,0.76018826
2,0.111436523,0.078295286,0.003614479,4,0.309697221
0,0.884840709,0.964792899,0.878463611,5,0.981860722
1,0.085911052,0.222918721,0.06036673,3,0.500336033
1,0.556642775,0.338436372,0.043093257,5,0.525229467
0,0.984790812,0.633517729,0.830268446,5,0.945100855
2,0.260647416,0.034155864,0.002954187,2,0.229672235
1,0.228484672,0.422321539,0.064784439,3,0.736642095
1,0.633727892,0.109819089,0.061010594,3,0.674651138
2,0.019036287,0.023335868,0.003311108,2,0.392046691
2,0.148903338,0.215323373,0.002303387,4,0.119687843
2,0.107956339,0.162061429,0.00299082,2,0.100308844
1,0.182804377,0.666631134,0.052930599,3,0.756262932
0,0.797663319,0.695719411,0.82112136,5,0.862357157
1,0.153638692,0.086331714,0.0632853,5,0.545317368
2,0.315457521,0.138965834,0.002475742,2,0.328028224
2,0.328965632,0.135482751,0.003473911,4,0.323751104
0,0.030911199,0.65347788,0.855746165,5,0.979653737
0,0.971745718,0.184827756,0.972937138,5,0.966489528
0,0.455173135,0.531512534,0.773572662,5,0.969519674
2,0.304821548,0.322543224,0.000706239,4,0.244456705
1,0.400143534,0.405353742,0.048744379,3,0.560157418
2,0.053476149,0.216645726,0.001254847,2,0.33926773
0,0.987968794,0.148689424,0.878259407,5,0.952068494
1,0.320899942,0.400470333,0.049778334,3,0.72711778
1,0.607302367,0.483759376,0.060499209,3,0.572613505
2,0.190719861,0.004459222,0.001865805,1,0.267894605
1,0.218169376,0.345302401,0.045002646,3,0.52475256
2,0.025950041,0.131323576,0.000500245,4,0.160257727
1,0.535526391,0.132455372,0.046868342,3,0.785464992
2,0.23609233,0.008889106,0.003638389,4,0.283883252
2,0.236957399,0.290189311,0.002770854,2,0.335026818
0,0.817759522,0.078849756,0.97907523,5,0.932138856
1,0.524311961,0.320631791,0.043898631,5,0.719476857
0,0.727398386,0.594775452,0.921774674,5,0.921891839
0,0.219748829,0.979421176,0.84833397,5,0.877317687
0,0.435054106,0.042200373,0.807272756,5,0.853129171
0,0.229026812,1,0.997816649,5,0.947548853
1,0.269575684,0.146135861,0.05274825,3,0.577304867
2,0.290241869,0.241997978,0.002882631,1,0.203780498
1,0.660737386,0.0251871,0.063261331,5,0.676417513
1,0.485104711,0.324495883,0.063411113,5,0.737886828
0,0.27759475,0.593842136,0.983187061,5,0.881599328
2,0.155548167,0.278469552,0.000902821,2,0.314747489
1,0.119923022,0.157518261,0.065706952,3,0.623909352
1,0.329159097,0.164011521,0.063348467,3,0.67787552
0,0.360332314,0.594445891,0.80770659,5,0.90866223
2,0.133202885,0.285838396,1.71784E-05,1,0.332041938
2,0.078979278,0.076949416,0.003433334,2,0.150927372
1,0.300042074,0.446965805,0.046359222,3,0.574614282
0,0.952056641,0.252190634,0.853572554,5,0.906903788
0,0.739020476,0.665680908,0.880610337,5,0.976625567
0,0.871421009,0.205252791,0.795613827,5,0.890462442
1,0.081962502,0.153220311,0.044155059,3,0.536632974
1,0.12014212,0.057658524,0.04536452,3,0.512471858
1,0.265638303,0.319957012,0.059018345,5,0.785543536
1,0.650997092,0.387126689,0.048901024,3,0.646653974
1,0.0931276,0.018393665,0.050159537,5,0.781945938
0,0.162687774,0.18766652,0.940647037,5,0.873424577
1,0.58074487,0.117039209,0.059174372,3,0.793589386
0,0.685652345,0.498154328,0.914171168,5,0.980335748
2,0.009821512,0.310290107,0.002674931,1,0.280182863
0,0.661191637,0.394287944,0.921994667,5,0.865988955
1,0.668611758,0.030618072,0.065842377,3,0.798001081
2,0.261497523,0.188326389,0.002866003,2,0.221242096
1,0.619254444,0.291990811,0.06406614,3,0.739344095
0,0.87205289,0.375997879,0.838954294,5,0.947361199
2,0.108282852,0.121115013,0.001529205,1,0.214125911
2,0.149818783,0.077911263,0.001439685,2,0.121958777
0,0.168774689,0.644338096,0.94732911,5,0.925066796
2,0.288588952,0.172262235,0.001853406,1,0.344129886
2,0.126894128,0.131960152,0.002247836,4,0.218309597
0,0.815912736,0.720291804,0.993301109,5,0.852734887
0,0.43224961,0.899844212,0.786090541,5,0.993199005
0,0.381257417,0.196518953,0.88167712,5,0.879183748
1,0.32487116,0.170409433,0.049619227,3,0.778881763
0,0.582924165,0.088412441,0.937555273,5,0.909985781
2,0.138056746,0.03915109,0.000689408,4,0.357824738
0,0.526930818,0.711166138,0.794432138,5,0.935096833
1,0.613951605,0.282845238,0.044983254,5,0.665067963
2,0.211552412,0.317145018,0.00233157,2,0.254552551
2,0.265298899,0.21499906,0.000664506,1,0.351958391
2,0.078926634,0.259879183,0.001055194,4,0.355352278
0,0.669890973,0.094353218,0.915580019,5,0.917765152
1,0.102051773,0.155971487,0.063313544,3,0.56502194
2,0.059373311,0.102954545,0.000881161,4,0.264009224
1,0.171597529,0.421915092,0.044313418,3,0.796335656
0,0.599103952,0.677782409,0.873131741,5,0.916868637
2,0.231393618,0.330500732,0.000483367,4,0.280965823
1,0.386796412,0.182061207,0.044804699,5,0.693586951
0,0.402455883,0.367234795,0.849895749,5,0.942573368
2,0.173368668,0.020962545,0.003107789,4,0.292050467
1,0.396451871,0.454165367,0.048352785,5,0.599900574
1,0.034684842,0.251979337,0.051448724,3,0.719195153
1,0.222927295,0.387369842,0.045023758,3,0.552590883
0,0.757530554,0.169699191,0.865342601,5,0.913403367
0,0.758861403,0.34774591,0.925200097,5,0.969317494
1,0.156709948,0.265947105,0.046515277,3,0.721154068
2,0.281460229,0.172890998,0.002417391,2,0.336370596
2,0.203297634,0.168159152,0.000604088,1,0.110848114
2,0.075742773,0.1128082,0.001469593,2,0.381087347
2,0.170244283,0.274879682,0.001074322,2,0.2801783
0,0.162067603,0.78881149,0.904033801,5,0.934986304
1,0.335099696,0.264514678,0.055591522,3,0.614186988
1,0.580687598,0.538479034,0.061456915,5,0.745620501
0,0.404255368,0.172762164,0.932239419,5,0.901914959
1,0.428687945,0.54957521,0.046049151,5,0.594118307
0,0.488675852,0.607819571,0.94860987,5,0.876225794
0,0.956287791,0.827945797,0.925527035,5,0.868264287
2,0.008290317,0.043601647,0.003743461,1,0.380934752
1,0.185566097,0.568991199,0.042951405,3,0.685876386
0,0.152289007,0.059983541,0.952347956,5,0.918970064
1,0.324020967,0.503845728,0.05746071,3,0.795103678
0,0.171004008,0.073335203,0.95280127,5,0.889808111
0,0.694601568,0.060930783,0.888763199,5,0.999504528
2,0.07751262,0.072300728,0.000660519,2,0.227825015
0,0.794936462,0.405280816,0.922660843,5,0.903135436
0,0.41544986,0.830295504,0.941299642,5,0.965395734
1,0.166039501,0.087986311,0.052752487,5,0.577943963
1,0.455463886,0.125447593,0.057447832,3,0.503636232
1,0.420874412,0.131588085,0.044457818,5,0.646356213
0,0.266573868,0.647871164,0.886399143,5,0.889902892
2,0.163054397,0.048589138,0.001249966,2,0.242805439
2,0.205170114,0.286367555,0.001514446,2,0.367625407
2,0.033838706,0.219049487,0.003664239,2,0.231280937
2,0.093149423,0.31007904,0.000970257,1,0.347539659
0,0.661661976,0.89823907,0.918581954,5,0.942090038
0,0.520148241,0.149280949,0.942194664,5,0.926833288
2,0.015659524,0.011045887,0.002896303,1,0.121625301
0,0.011808942,0.9599531,0.942212144,5,0.902987711
1,0.663373862,0.648953473,0.065025508,3,0.55555867
0,0.413442985,0.550877852,0.96401156,5,0.860306925
1,0.013671246,0.053379673,0.065624113,3,0.734745477
2,0.326292641,0.221951104,2.26356E-05,2,0.17821399
2,0.215151144,0.176022481,0.000145754,2,0.196664651
0,0.983570065,0.603424696,0.905869893,5,0.962210977
1,0.085392892,0.22502912,0.064692006,3,0.52850351
0,0.551959806,0.389048288,0.807744067,5,0.891068696
2,0.225886897,0.164542929,3.15685E-05,1,0.185772037
1,0.576211843,0.565683962,0.064477422,5,0.690821229
1,0.307914947,0.562657235,0.060014813,3,0.554178379
0,0.321000957,0.755544783,0.832501139,5,0.930933433
2,0.054811289,0.042449641,0.002817303,4,0.389538923
0,0.507542329,0.843531492,0.941109165,5,0.931335581
2,0.248457968,0.203381733,0.000395633,4,0.306665591
0,0.57914975,0.880163005,0.87104229,5,0.874127226
1,0.005897827,0.1636414,0.059967267,3,0.583370629
0,0.402763519,0.802680748,0.817199977,5,0.933262742
1,0.411963084,0.124328192,0.051271573,3,0.6616087
1,0.567294591,0.561293553,0.062456361,5,0.560744168
1,0.507473621,0.452990337,0.060665659,3,0.591681265
0,1,0.36859553,0.874512842,5,0.958310641
1,0.39660739,0.260725675,0.052612851,5,0.553511775
1,0.414375355,0.236574595,0.06155456,5,0.620698137
0,0.482562292,0.644086305,0.784584536,5,0.936997568
0,0.705427106,0.051391881,0.883414592,5,0.939905345
0,0.270559444,0.827793625,0.886146493,5,0.861558742
1,0.465129885,0.498263622,0.065954742,3,0.736584489
0,0.441624132,0.146549854,0.84629453,5,0.915102905
1,0.248263929,0.040222948,0.06172257,3,0.799504253
1,0.429754305,0.280647224,0.057851575,5,0.55347574
0,0.411207977,0.842625902,0.859333063,5,0.935780841
2,0.061391505,0.119698733,0.00128838,1,0.310075588
1,0.556350178,0.181330726,0.055084093,3,0.734774582
0,0.259993084,0.430272989,0.973899577,5,0.976290035
2,0.160599501,0.144144585,0.003642845,2,0.289351194
1,0.486899677,0.331059159,0.053180622,3,0.502108761
2,0.052834474,0.20280687,0.000510549,4,0.376786917
2,0.319807877,0.021413443,0.000204743,2,0.110886287
0,0.247625498,0.909435849,0.827864767,5,0.890792459
1,0.286728188,0.564527838,0.049227091,3,0.646271358
0,0.062557302,0.909619706,0.802017249,5,0.929863102
2,0.257974133,0.027266977,0.000906696,4,0.38901833
0,0.885341199,0.393869143,0.963386799,5,0.968156952
1,0.488828522,0.656022738,0.04895505,3,0.717546718
2,0.188854293,0.153780196,0.003778182,1,0.154904633
2,0.050270406,0.073813593,0.000962087,4,0.305126232
2,0.174818191,0.036765914,0.003341279,2,0.262763741
0,0.710338469,0.544767314,0.788538204,5,0.918745096
2,0.143104148,0.045543153,0.002575968,1,0.300706701
1,0.576624774,0.306729658,0.06050207,5,0.518681932
1,0.539419959,0.306111424,0.044161145,3,0.649176779
0,0.875300998,0.546083904,0.947113682,5,0.963116152
0,0.205358373,0.880858364,0.975505159,5,0.980586764
0,0.950103402,0.561500935,0.945310342,5,0.933697111
1,0.04329654,0.309255923,0.064249967,3,0.61721851
0,0.105550311,0.658618679,0.962035799,5,0.907063001
0,0.44250081,0.194965785,0.813143063,5,0.864105416
2,0.192958465,0.210969657,0.00309825,4,0.158752244
1,0.356435888,0.104173691,0.059251074,5,0.549810294
0,0.364215262,0.900318804,0.808955682,5,0.926057666
2,0.010824383,0.120187243,0.002843296,4,0.193948598
1,0.411502954,0.054245922,0.063621855,5,0.7219191
0,0.970674607,0.418313131,1,5,0.950188
2,0.107755861,0.332451899,0.003808557,4,0.148670022
0,0.689279871,0.09183491,0.776268064,5,0.973443767
1,0.05280268,0.488592705,0.04733536,3,0.588946934
1,0.361633335,0.474347318,0.050309985,3,0.770388803
2,0.119398266,0.163927839,0.003216727,2,0.152128478
2,0.037451094,0.02751995,0.002790345,4,0.142591597
2,0.247202101,0.062400324,0.002379084,4,0.28627857
1,0.493680095,0.538660325,0.062715464,3,0.690242641
2,0.225952254,0.107254976,0.002662435,4,0.152464431
2,0.218959143,0.330663813,0.000265733,4,0.202114028
1,0.342798424,0.202939649,0.047926648,3,0.728946587
2,0.218249757,0.312755345,0.003384494,4,0.342218809
2,0.300474556,0.216394072,0.003396297,4,0.268132189
0,0.390981313,0.379849147,0.822518187,5,0.907241791
1,0.254273742,0.653008762,0.045538201,5,0.505400027
1,0.614168517,0.186000069,0.063057697,3,0.791832897
0,0.756651109,0.807542583,0.773606562,5,0.994421554
0,0.561089305,0.62992307,0.894212405,5,0.945263366
1,0.145867174,0.078899997,0.044545091,3,0.572568148
2,0.156537189,0.099265957,0.00231886,4,0.167905448
1,0.497109908,0.030571688,0.064101744,5,0.763178529
2,0.198188854,0.297338708,0.000705736,4,0.259394956
1,0.53150464,0.021541635,0.056600908,5,0.736748254
2,0.174167171,0.019631535,0.003228929,4,0.246512389
2,0.031063488,0.303144562,0.002595544,1,0.119406068
2,0.008066101,0.231033075,0.000302978,2,0.230378788
0,0.137729508,0.340953725,0.808011416,5,0.875587287
2,0.210935328,0.196597635,0.002726122,4,0.253709133
1,0.526264986,0.648964363,0.049099064,5,0.68019532
0,0.98745564,0.268710232,0.864755367,5,0.983722002
1,0.241858956,0.314994629,0.04401333,5,0.571656998
1,0.649949517,0.220390623,0.054239598,5,0.640923129
2,0.158384754,0.196319572,0.002079251,1,0.10229921
1,0.557434547,0.563948186,0.04962005,3,0.740775704
2,0.072781736,0.131281206,0.00015527,1,0.219104512
2,0.094887928,0.272507168,0.002058129,4,0.252223582
2,0.009580934,0.224655518,0.00015709,4,0.139446736
1,0.110231354,0.259617512,0.060046909,5,0.772283301
2,0.086056141,0.224383276,0.001140811,2,0.386518153
1,0.482518192,0.576653461,0.042992914,5,0.577282166
0,0.040373823,0.87459247,0.829539811,5,0.949793815
2,0.152343208,0.121983491,0.000454586,1,0.121302299
1,0.214568119,0.500894744,0.052614105,3,0.703600987
1,0.59406285,0.399580137,0.054710908,3,0.773986084
2,0.051299447,0.055894853,0.002473208,1,0.370735992
1,0.554556774,0.662702588,0.062159507,3,0.626610278
0,0.450313071,0.083150313,0.862973668,5,0.986520196
1,0.373580368,0.228313265,0.060030814,3,0.520215366
2,0.231412586,0.142385393,0.002610254,4,0.262760311
1,0.527760872,0.297518516,0.061652584,3,0.635037008
0,0.762061943,0.097709489,0.97786497,5,0.851846455
0,0.603147426,0.707687114,0.930705435,5,0.906182933
2,0.215765696,0.013310209,0.00295762,4,0.146337924
2,0.17275942,0.125286927,8.11729E-06,4,0.121513567
1,0.398578304,0.066173661,0.062795189,5,0.609378118
1,0.303538803,0.459622785,0.046237283,3,0.568546024
0,0.533707332,0.134823601,0.792657105,5,0.881329611
0,0.389201544,0.15918993,0.774859217,5,0.963432042
0,0.48946831,0.129051436,0.965170537,5,0.905559548
2,0.158290378,0.147143074,0.003867436,1,0.395203949
2,0.202759116,0.049103769,0.000102739,2,0.262422282
2,0.159586251,0.176677788,0.000639368,1,0.350094989
0,0.357272313,0.829568691,0.935534809,5,0.876575639
2,0.114260889,0.088871121,0.003756358,4,0.263448297
2,0.193920404,0.044952348,0.001716171,4,0.345027079
0,0.785192058,0.736835213,0.839802618,5,0.898873468
1,0.30852139,0.488137963,0.046411423,3,0.642663811
1,0.152096539,0.644448616,0.06425546,3,0.606038222
0,0.873125729,0.129659251,0.954632318,5,0.868723122
2,0.227484513,0.154735172,0.000116501,2,0.144638791
0,0.514620454,0.092480299,0.946222313,5,0.923789665
0,0.376493701,0.285625393,0.817009569,5,0.964269729
0,0.607847422,0.921983149,0.854279627,5,0.958857469
2,0.327881849,0.134896346,0.003213875,4,0.277422028
0,0.959550499,0.199857212,0.794991567,5,0.978094295
2,0.213910854,0.09831743,0.000920749,4,0.365039429
0,0.030565779,0.975065646,0.821115707,5,0.960104464
1,0.318828051,0.459252675,0.05987928,5,0.658167854
